nome,email,cpf,celular,idade,data_nascimento,data_cadastro
Levi da Cunha,levi.cunha@gmail.com,863.052.791-95,(31) 9164-05374,86,10/05/1935,09/04/1969
Maria Fernanda Silva,maria.silva@gmail.com,458.762.193-55,(61) 9381-40093,41,23/10/1980,16/08/1981
Gabriel Santos,gabriel.santos@gmail.com,938.241.760-50,(71) 9093-23670,62,24/06/1959,21/11/2005
Mirella da Paz,mirella.paz@gmail.com,154.920.637-07,(51) 9590-81482,58,24/08/1963,24/06/1980
Cecília Oliveira,cecilia.oliveira@gmail.com,029.146.358-42,(84) 9458-85928,79,08/03/1942,14/07/1996
Alexia Correia Almeida,alexia.almeida@gmail.com,362.978.104-78,(61) 9801-99596,35,12/08/1986,17/10/1999
Guilherme Melo,guilherme.melo@gmail.com,259.670.481-11,(84) 9908-16527,58,06/10/1963,01/03/2019
Ana Carolina Sales,ana.sales@gmail.com,041.925.876-02,(84) 9421-14469,34,05/02/1988,12/04/1988
Ryan Almeida,ryan.almeida@gmail.com,684.502.791-94,(21) 9879-06946,31,13/04/1990,13/10/2008
Diego da Paz,diego.paz@gmail.com,790.481.362-96,(11) 9013-97274,61,27/01/1961,16/05/1991
Isabelly Cunha Mendes,isabelly.mendes@gmail.com,235.687.091-12,(84) 9078-08739,21,17/08/2000,21/03/2016
Otávio Peixoto,otavio.peixoto@gmail.com,205.841.397-05,(21) 9679-03744,47,24/09/1974,29/05/2000
Pietra Novaes,pietra.novaes@gmail.com,526.190.487-02,(81) 9276-38747,36,18/02/1986,26/07/2019
Nicolas Moura,nicolas.moura@gmail.com,594.716.023-43,(31) 9077-72246,84,23/12/1937,07/12/1960
Otávio Porto,otavio.porto@gmail.com,703.146.895-75,(51) 9167-79793,19,02/01/2003,28/03/2017
Laura Almeida,laura.almeida@gmail.com,932.504.678-47,(81) 9454-74220,30,07/01/1992,18/04/2012
Clarice Gonçalves Nascimento,clarice.nascimento@gmail.com,036.725.489-10,(11) 9493-82351,39,18/02/1983,20/07/1985
Luiz Fernando das Neves,luiz.neves@gmail.com,783.062.594-83,(41) 9912-66803,64,23/08/1957,25/05/1985
Manuela Cardoso,manuela.cardoso@gmail.com,361.245.079-43,(51) 9253-70696,56,07/02/1966,30/01/2020
Davi Lucca Vieira,davi.vieira@gmail.com,806.421.579-01,(21) 9983-74295,35,25/09/1986,02/06/2015
Bernardo Azevedo,bernardo.azevedo@gmail.com,647.589.013-84,(41) 9034-31966,55,24/11/1966,31/01/2006
Olivia Peixoto,olivia.peixoto@gmail.com,324.985.076-47,(31) 9387-68423,93,26/01/1929,06/11/1962
Alexandre Gomes,alexandre.gomes@gmail.com,657.412.089-67,(31) 9020-43554,86,11/01/1936,13/02/1938
Isaac Azevedo,isaac.azevedo@gmail.com,361.498.725-64,(61) 9743-41149,95,20/01/1927,09/08/1955
Ana Beatriz Lopes Melo,ana.melo@gmail.com,596.278.401-49,(11) 9541-47451,41,14/03/1980,01/03/1982
Agatha Fernandes,agatha.fernandes@gmail.com,283.941.567-46,(31) 9015-21374,77,31/10/1944,05/10/1949
Vicente Costela,vicente.costela@gmail.com,358.170.692-02,(81) 9981-85950,44,26/03/1977,01/04/2013
Eloah Caldeira,eloah.caldeira@gmail.com,758.034.691-57,(21) 9746-19418,83,24/10/1938,03/04/1972
Henrique da Conceição Jesus,henrique.jesus@gmail.com,692.748.513-91,(51) 9277-89277,98,04/11/1923,05/12/1988
Rafael Cavalcanti,rafael.cavalcanti@gmail.com,907.423.561-16,(41) 9863-91341,43,26/03/1978,11/10/1985
Igor Dias,igor.dias@gmail.com,297.016.583-02,(31) 9697-81725,99,19/05/1922,22/01/1951
Gabrielly da Rosa,gabrielly.rosa@gmail.com,642.957.138-64,(31) 9747-63228,30,20/04/1991,30/10/1997
Heitor Ramos,heitor.ramos@gmail.com,847.012.693-87,(11) 9397-73084,54,29/05/1967,30/03/1975
Caio Almeida,caio.almeida@gmail.com,164.872.309-87,(51) 9701-86325,31,19/08/1990,18/12/2006
Ana Julia Ribeiro,ana.ribeiro@gmail.com,139.068.745-75,(71) 9289-97986,84,07/02/1938,04/05/1951
Sarah Duarte,sarah.duarte@gmail.com,932.507.681-03,(84) 9526-58886,100,22/05/1921,17/08/1996
Mariane Pereira,mariane.pereira@gmail.com,682.097.153-21,(84) 9262-59444,27,01/08/1994,17/12/1997
Luiz Gustavo da Rocha,luiz.rocha@gmail.com,389.410.267-50,(84) 9961-78515,76,24/09/1945,09/10/2021
Lucas Teixeira,lucas.teixeira@gmail.com,489.216.503-42,(41) 9407-27823,33,19/08/1988,19/11/2015
Pietra Rodrigues,pietra.rodrigues@gmail.com,623.045.198-06,(71) 9716-31410,97,31/01/1925,25/06/1971
Isabelly Ferreira,isabelly.ferreira@gmail.com,589.107.624-11,(21) 9044-93251,51,28/01/1971,12/04/1987
Emilly Araújo,emilly.araujo@gmail.com,956.084.273-00,(31) 9771-90812,71,26/08/1950,28/01/2002
Maitê Cardoso Santos,maite.santos@gmail.com,623.870.154-44,(84) 9057-55257,98,28/02/1923,02/03/1972
Ana Lívia Lopes,ana.lopes@gmail.com,596.073.128-21,(81) 9270-12784,50,10/12/1971,15/01/2013
Brenda da Costa,brenda.costa@gmail.com,269.471.580-01,(81) 9889-35985,53,21/06/1968,11/09/1978
Maria Fernanda Lopes,maria.lopes@gmail.com,760.291.384-13,(51) 9922-36049,68,09/08/1953,23/01/1965
Calebe Ribeiro,calebe.ribeiro@gmail.com,389.076.214-03,(71) 9777-11630,31,09/10/1990,09/03/2005
Melissa Alves,melissa.alves@gmail.com,328.741.906-40,(51) 9361-95638,37,10/10/1984,19/12/2013
Felipe Nunes,felipe.nunes@gmail.com,609.245.138-70,(51) 9850-17620,32,01/03/1989,07/10/2011
Alícia Rodrigues,alicia.rodrigues@gmail.com,931.402.768-69,(11) 9937-73486,58,23/06/1963,13/08/2000
Lavínia da Cunha Cunha,lavinia.cunha@gmail.com,501.638.729-02,(71) 9025-25124,29,31/07/1992,09/03/2012
Vitor Hugo Carvalho,vitor.carvalho@gmail.com,870.321.465-62,(61) 9143-10275,41,19/01/1981,20/10/1987
Mirella Martins,mirella.martins@gmail.com,859.736.024-00,(31) 9761-34337,73,20/10/1948,19/05/1960
Vitor Azevedo,vitor.azevedo@gmail.com,765.291.438-82,(71) 9014-43010,44,31/12/1977,07/08/2017
Enzo Gabriel Ribeiro,enzo.ribeiro@gmail.com,428.016.973-03,(84) 9038-64367,74,02/10/1947,11/08/2012
Sofia Silva,sofia.silva@gmail.com,156.370.498-66,(81) 9489-47200,23,04/04/1998,09/01/2013
Maria Cecília Freitas,maria.freitas@gmail.com,430.156.892-15,(11) 9113-66774,34,29/08/1951,16/07/1967
Melissa Novaes,melissa.novaes@gmail.com,801.945.627-94,(71) 9848-01743,38,26/06/1983,27/07/2010
Gabrielly Campos,gabrielly.campos@gmail.com,831.260.579-77,(71) 9959-63627,68,01/10/1953,05/10/2000
Vitor Gabriel Gonçalves,vitor.goncalves@gmail.com,156.907.834-39,(61) 9448-95231,61,17/01/1961,30/05/1976
Carlos Eduardo Pinto,carlos.pinto@gmail.com,183.649.057-75,(81) 9000-16909,43,05/11/1978,16/05/1984
Luiz Gustavo Peixoto,luiz.peixoto@gmail.com,408.693.521-05,(81) 9925-79492,64,03/03/1957,11/09/1984
Mariana Jesus,mariana.jesus@gmail.com,302.876.914-03,(11) 9053-59592,44,24/08/1977,14/02/2002
Valentina Lopes,valentina.lopes@gmail.com,463.281.705-80,(84) 9642-85244,70,29/09/1951,28/04/1970
Yago Aragão,yago.aragao@gmail.com,432.710.596-16,(21) 9491-03313,60,31/12/1961,14/06/2013
Rodrigo Pinto,rodrigo.pinto@gmail.com,263.745.918-28,(61) 9100-45522,66,17/04/1955,14/12/1973
Augusto Aragão,augusto.aragao@gmail.com,170.684.539-10,(51) 9777-51641,94,24/09/1927,10/06/1982
Ana Vitória Rodrigues,ana.rodrigues@gmail.com,287.943.056-92,(31) 9089-04144,100,16/05/1921,27/02/1988
Brenda da Cruz Carvalho,brenda.carvalho@gmail.com,064.713.589-20,(31) 9699-18294,102,18/06/1919,20/05/2023
Isaac Freitas,isaac.freitas@gmail.com,917.204.853-05,(11) 9250-44431,56,02/08/1965,08/12/1998
Enrico Santos,enrico.santos@gmail.com,520.396.871-30,(81) 9542-35959,39,04/02/1983,04/08/2022
Guilherme Viana,guilherme.viana@gmail.com,598.203.647-10,(61) 9266-14749,52,01/08/1969,07/12/1980
Ana Lívia da Paz Jesus,ana.jesus@gmail.com,924.716.083-96,(71) 9508-44791,26,02/01/1996,25/10/2008
Elisa Caldeira,elisa.caldeira@gmail.com,310.824.769-78,(61) 9128-22689,72,01/10/1949,19/04/1984
Lucas Gabriel Nascimento,lucas.nascimento@gmail.com,324.065.179-34,(84) 9028-76751,49,01/07/1972,24/11/2018
Lucas Carvalho,lucas.carvalho@gmail.com,654.012.893-24,(61) 9218-58669,73,12/07/1948,27/12/1993
Eloah da Paz,eloah.paz@gmail.com,347.219.680-78,(81) 9134-38279,52,18/05/1969,17/12/2008
Ana Júlia Campos,ana.campos@gmail.com,816.425.703-62,(41) 9641-40403,22,28/05/1999,25/05/2014
Alexandre Pinto,alexandre.pinto@gmail.com,769.053.148-20,(41) 9272-10678,62,03/02/1960,06/03/1961
Maria Fernanda Moraes,maria.moraes@gmail.com,014.276.859-67,(71) 9115-65760,25,25/07/1996,31/03/1998
Bryan Moreira,bryan.moreira@gmail.com,967.048.532-00,(81) 9715-30687,21,07/03/2000,09/10/2021
Maria Sophia da Paz,maria.paz@gmail.com,145.276.308-90,(11) 9436-95013,45,06/11/1976,17/08/2021
Pietra Costela,pietra.costela@gmail.com,827.645.391-00,(51) 9977-47710,72,14/09/1949,09/07/2012
Eloah Gomes,eloah.gomes@gmail.com,175.024.863-80,(31) 9575-88392,93,12/03/1928,04/01/2009
Elisa Freitas Viana,elisa.viana@gmail.com,401.897.362-40,(41) 9577-90484,93,04/06/1928,09/06/1984
Isabelly da Cruz,isabelly.cruz@gmail.com,031.286.957-68,(61) 9006-90008,39,19/11/1982,13/03/2000
Camila das Neves,camila.neves@gmail.com,407.281.596-94,(81) 9477-73199,102,05/01/1920,21/11/1939
Noah da Conceição Mendes,noah.mendes@gmail.com,894.265.701-01,(21) 9301-75787,61,23/02/1961,09/11/1995
Esther da Costa,esther.costa@gmail.com,127.068.359-40,(51) 9072-52706,73,04/11/1948,19/05/2031
Gabrielly Moreira,gabrielly.moreira@gmail.com,675.243.189-28,(81) 9596-88752,49,21/10/1972,25/01/2008
Carlos Eduardo Costela,carlos.costela@gmail.com,328.975.104-04,(51) 9015-14945,63,11/06/1958,19/09/1991
Giovanna Correia,giovanna.correia@gmail.com,906.375.214-80,(81) 9666-06584,86,12/05/1935,14/08/1946
Thales Freitas Souza,thales.souza@gmail.com,021.786.359-03,(81) 9469-99065,101,20/04/1920,17/02/2008
Pedro Lucas Carvalho Mendes,pedro.mendes@gmail.com,903.864.512-06,(11) 9603-89187,48,07/01/1974,12/03/1976
Calebe da Mota,calebe.mota@gmail.com,247.983.610-03,(21) 9248-24024,102,29/08/1919,31/12/1930
Davi Lucca Azevedo,davi.azevedo@gmail.com,734.012.695-34,(21) 9831-91364,60,27/06/1961,03/02/2000
Isadora Pires,isadora.pires@gmail.com,385.746.029-65,(11) 9826-40842,77,22/05/1944,20/10/2017
Benjamin Peixoto da Rocha,benjamin.rocha@gmail.com,598.371.602-68,(41) 9003-83963,84,03/09/1937,26/05/1978
Maitê Moraes,maite.moraes@gmail.com,465.028.713-80,(31) 9810-99689,82,12/09/1939,18/05/1958
Isabella Fernandes,isabella.fernandes@gmail.com,498.236.071-50,(84) 9995-21384,23,14/10/1998,21/01/2004
Sophia Aragão,sophia.aragao@gmail.com,012.685.437-80,(41) 9859-05575,95,19/07/1926,03/08/1964
Sarah da Costa,sarah.costa@gmail.com,483.170.965-48,(61) 9580-92292,24,12/09/1997,16/12/2019
Lucas Campos,lucas.campos@gmail.com,348.702.516-71,(51) 9800-91715,31,10/07/1990,02/10/1996
Olivia Cardoso,olivia.cardoso@gmail.com,906.817.534-39,(84) 9201-88893,71,08/05/1950,20/04/2011
Ana Julia Pires,ana.pires@gmail.com,702.931.564-25,(61) 9009-24418,20,22/04/2001,26/12/2015
Elisa Caldeira,elisa.caldeira@gmail.com,249.730.185-97,(81) 9143-97586,55,27/07/1966,23/08/2020
Benício Alves,benicio.alves@gmail.com,478.365.129-91,(81) 9145-41879,49,10/03/1972,10/01/2020
Maria Eduarda da Luz,maria.luz@gmail.com,981.745.026-02,(51) 9347-63500,91,06/03/1930,27/11/1944
Thomas Mendes,thomas.mendes@gmail.com,978.603.514-39,(31) 9908-46325,63,18/11/1958,30/09/2010
Arthur Ramos,arthur.ramos@gmail.com,306.758.492-92,(71) 9179-76919,58,21/05/1963,04/11/2017
Bianca Costa,bianca.costa@gmail.com,264.798.531-64,(61) 9597-08432,32,21/05/1922,08/07/1957
Marina Barbosa Cunha,marina.cunha@gmail.com,964.872.301-03,(21) 9707-08929,42,28/01/1980,10/02/1986
Thiago Castro,thiago.castro@gmail.com,250.419.783-79,(51) 9812-72798,79,06/12/1942,24/09/1980
Joaquim Duarte,joaquim.duarte@gmail.com,176.089.432-03,(41) 9953-30661,91,13/02/1931,26/10/1966
Kevin Melo,kevin.melo@gmail.com,830.975.241-50,(51) 9789-52860,30,04/07/1991,11/11/2020
Vinicius Moraes,vinicius.moraes@gmail.com,857.924.103-05,(31) 9575-40671,70,30/04/1951,13/11/1976
Júlia Gonçalves,julia.goncalves@gmail.com,086.945.273-83,(11) 9773-42129,30,14/07/1991,07/12/2017
Alana Ramos,alana.ramos@gmail.com,780.495.163-93,(81) 9883-86617,77,28/05/1944,08/04/1988
Kevin Moura,kevin.moura@gmail.com,971.068.453-10,(21) 9993-24776,36,26/01/1986,05/07/2002
Davi Luiz Gomes,davi.gomes@gmail.com,615.094.732-70,(41) 9391-58742,19,18/10/2002,01/09/2009
Davi da Cruz,davi.cruz@gmail.com,541.629.378-00,(84) 9061-42181,101,10/08/1920,25/11/1994
Nicolas Campos,nicolas.campos@gmail.com,301.695.274-25,(21) 9250-93973,59,20/01/1963,28/02/1989
Heitor Azevedo,heitor.azevedo@gmail.com,368.495.102-15,(81) 9309-99248,88,04/01/1934,12/09/2002
Lucas Gabriel Dias,lucas.dias@gmail.com,387.592.061-95,(21) 9867-11745,69,24/12/1952,24/11/2014
Thiago Peixoto,thiago.peixoto@gmail.com,735.469.028-74,(31) 9613-94924,18,01/05/2003,16/10/2018
Lara Monteiro,lara.monteiro@gmail.com,781.490.536-20,(31) 9794-03695,44,11/07/1977,18/02/2010
Maria Sophia da Rosa,maria.rosa@gmail.com,571.280.349-60,(81) 9191-84466,55,06/10/1966,13/07/2000
Elisa da Cruz,elisa.cruz@gmail.com,248.703.156-53,(11) 9401-36838,86,18/02/1936,07/11/1945
Sophie Carvalho,sophie.carvalho@gmail.com,619.470.285-02,(31) 9837-26415,68,20/04/1953,25/01/2019
Nicole da Rocha,nicole.rocha@gmail.com,689.745.321-82,(11) 9366-27280,51,03/12/1970,17/07/1973
Isis Souza,isis.souza@gmail.com,985.120.364-51,(21) 9966-16329,73,16/09/1948,29/04/1986
Bianca das Neves,bianca.neves@gmail.com,987.036.214-13,(41) 9886-02409,63,24/10/1958,21/05/1959
Danilo da Paz,danilo.paz@gmail.com,671.085.492-20,(61) 9310-39348,19,16/05/2002,17/06/2005
Sophia Rezende,sophia.rezende@gmail.com,324.957.168-73,(71) 9744-79556,63,07/07/1958,31/01/2021
João Guilherme Silveira,joao.silveira@gmail.com,204.617.895-58,(84) 9440-98344,65,18/12/1956,11/03/1992
Lucca Sales,lucca.sales@gmail.com,047.516.923-99,(81) 9631-13309,35,09/01/1987,06/06/1998
Sophie Duarte,sophie.duarte@gmail.com,032.461.879-40,(41) 9337-53422,42,26/07/1979,16/04/1986
Diogo Moreira,diogo.moreira@gmail.com,419.053.876-01,(71) 9523-48923,85,09/11/1936,15/02/1952
Bernardo Teixeira,bernardo.teixeira@gmail.com,502.486.973-74,(41) 9649-38638,102,11/05/1919,27/04/1969
João Gabriel Nogueira,joao.nogueira@gmail.com,638.209.157-02,(31) 9508-63349,101,17/04/1920,29/11/1937
Amanda das Neves Moraes,amanda.moraes@gmail.com,103.876.429-78,(31) 9493-01312,71,01/11/1950,21/06/2018
Luiz Otávio Melo,luiz.melo@gmail.com,871.632.045-07,(81) 9572-76546,60,13/03/1951,12/05/1987
Kevin Rodrigues,kevin.rodrigues@gmail.com,580.617.243-08,(41) 9265-73918,43,22/02/1979,01/02/1992
Caio Fogaça,caio.fogaca@gmail.com,410.953.782-79,(61) 9547-28368,23,23/01/1999,23/10/2014
Vicente Araújo,vicente.araujo@gmail.com,721.630.498-50,(51) 9233-96423,70,19/05/1951,30/04/1990
João Gabriel Moraes,joao.moraes@gmail.com,035.126.874-07,(41) 9329-76334,68,02/08/1953,24/01/1968
Catarina Castro,catarina.castro@gmail.com,039.427.851-88,(51) 9472-36148,101,04/02/1921,27/09/1967
Gustavo Henrique Pinto,gustavo.pinto@gmail.com,479.056.381-20,(41) 9203-84750,43,21/06/1978,03/04/2015
Heloísa Novaes,heloisa.novaes@gmail.com,281.495.063-06,(31) 9465-87680,30,09/10/1991,19/10/1991
Sofia Nogueira,sofia.nogueira@gmail.com,761.295.804-01,(84) 9151-13411,56,10/03/1965,02/12/1989
Isadora Costela,isadora.costela@gmail.com,276.840.513-26,(41) 9816-99958,23,29/07/1998,15/01/2002
Letícia Viana,leticia.viana@gmail.com,815.496.037-01,(81) 9949-02122,95,09/05/1926,03/03/2000
Sabrina das Neves,sabrina.neves@gmail.com,785.324.690-00,(61) 9629-18408,55,10/06/1966,14/07/2002
Bruna Viana,bruna.viana@gmail.com,238.649.510-89,(51) 9286-28180,29,30/01/1980,20/11/2011
Luigi Gomes,luigi.gomes@gmail.com,306.972.418-31,(11) 9645-33485,94,02/06/1927,07/10/1965
Eduardo Lopes,eduardo.lopes@gmail.com,702.981.463-04,(71) 9087-02673,43,29/04/1978,15/01/1993
Anthony Farias,anthony.farias@gmail.com,921.607.538-40,(51) 9878-39709,61,10/03/1960,04/08/1980
Noah Santos,noah.santos@gmail.com,126.543.987-73,(71) 9184-23436,73,06/12/1948,22/11/1953
Lara Alves,lara.alves@gmail.com,410.823.769-22,(61) 9666-79845,76,28/10/1945,10/06/1998
Alícia da Rocha,alicia.rocha@gmail.com,834.905.261-98,(81) 9728-16683,23,12/11/1998,31/01/2020
Ana Sophia Nogueira,ana.nogueira@gmail.com,754.820.169-94,(84) 9957-94172,41,15/01/1981,25/04/2001
Antônio Lopes,antonio.lopes@gmail.com,275.409.183-14,(31) 9173-42199,66,31/01/1956,04/07/1999
Juliana Pires,juliana.pires@gmail.com,275.346.108-26,(31) 9600-74579,81,09/06/1940,15/01/1974
Raul Barros,raul.barros@gmail.com,369.152.704-34,(41) 9012-16605,51,16/07/1970,01/09/1976
Theo Silveira,theo.silveira@gmail.com,625.981.473-91,(21) 9053-33301,51,29/05/1970,04/06/1982
Gabriela da Luz,gabriela.luz@gmail.com,275.390.481-23,(41) 9791-99390,58,25/07/1963,26/11/2016
João Felipe Mendes,joao.mendes@gmail.com,462.198.035-15,(84) 9082-67911,74,31/10/1947,27/12/1975
Alexia Porto,alexia.porto@gmail.com,143.057.896-39,(84) 9713-26909,42,01/10/1979,14/04/1989
Maria Moura,maria.moura@gmail.com,432.108.759-79,(11) 9151-13611,64,03/11/1957,22/08/2018
Levi Carvalho,levi.carvalho@gmail.com,819.627.345-28,(71) 9448-43204,95,31/08/1926,25/12/2006
Catarina da Cruz,catarina.cruz@gmail.com,439.807.216-04,(84) 9845-76164,98,19/06/1923,02/07/1946
Alexandre Silva,alexandre.silva@gmail.com,409.618.325-33,(11) 9904-13243,33,09/01/1989,07/06/2008
Pietra da Conceição,pietra.conceicao@gmail.com,854.712.936-73,(71) 9658-71936,57,24/06/1964,22/08/2008
Lorenzo Novaes,lorenzo.novaes@gmail.com,235.746.918-82,(41) 9351-22347,71,01/07/1950,26/07/1999
Yago Ribeiro,yago.ribeiro@gmail.com,105.928.673-40,(11) 9584-91628,25,14/12/1996,29/11/2020
Lucas Gabriel Correia,lucas.correia@gmail.com,971.854.062-85,(51) 9808-99655,26,16/02/1996,16/09/1997
Emilly Ferreira,emilly.ferreira@gmail.com,625.347.890-74,(21) 9017-55423,44,23/09/1977,23/08/2012
Luigi Barros,luigi.barros@gmail.com,425.689.713-55,(41) 9363-61030,93,24/11/1928,17/03/1959
Levi Moraes,levi.moraes@gmail.com,923.076.541-43,(61) 9869-84457,58,31/01/1964,29/12/1981
Alexandre Cardoso,alexandre.cardoso@gmail.com,638.954.127-91,(31) 9001-30314,97,22/04/1924,23/01/1936
Nicolas Melo,nicolas.melo@gmail.com,692.184.035-24,(84) 9123-09269,28,23/10/1993,08/06/2005
Augusto Gonçalves,augusto.goncalves@gmail.com,165.937.840-01,(61) 9351-81670,44,11/02/1978,23/01/2021
Vinicius das Neves,vinicius.neves@gmail.com,438.569.170-39,(41) 9487-72278,19,31/01/2003,23/06/2012
Esther Dias,esther.dias@gmail.com,367.250.948-56,(81) 9956-62205,19,07/03/2002,19/09/2014
Milena da Cunha,milena.cunha@gmail.com,563.497.082-29,(11) 9189-60848,47,19/02/1975,11/10/1977
Luiz Gustavo Gomes,luiz.gomes@gmail.com,375.284.916-91,(71) 9114-49769,66,24/12/1955,06/05/1980
Bruna Correia,bruna.correia@gmail.com,241.908.376-87,(31) 9243-86236,36,20/01/1986,07/08/1992
Anthony Cardoso,anthony.cardoso@gmail.com,580.693.127-77,(71) 9972-19366,53,01/07/1968,25/10/2000
Marcos Vinicius Peixoto,marcos.peixoto@gmail.com,128.906.743-04,(71) 9652-18441,62,08/08/1959,22/01/1961
Davi Cunha,davi.cunha@gmail.com,259.738.140-41,(84) 9939-65352,61,16/09/1960,28/05/1997
Danilo Silveira,danilo.silveira@gmail.com,847.526.913-37,(61) 9282-74092,52,09/02/1970,16/03/1972
Marina Nogueira,marina.nogueira@gmail.com,103.246.985-42,(84) 9202-13915,61,23/11/1960,03/03/2019
Ana Lívia da Mota,ana.mota@gmail.com,108.597.462-67,(71) 9021-23843,22,23/02/1926,14/08/2007
Rebeca Silveira,rebeca.silveira@gmail.com,457.203.891-05,(81) 9340-74354,68,30/01/1954,28/12/2002
Melissa Barbosa,melissa.barbosa@gmail.com,518.249.637-00,(84) 9578-06380,88,26/01/1934,12/09/1962
Fernanda Correia,fernanda.correia@gmail.com,409.713.628-31,(11) 9587-98324,42,07/10/1979,30/12/2012
Pedro da Mota,pedro.mota@gmail.com,462.097.851-58,(21) 9089-03970,62,14/12/1959,03/12/1966
Leonardo da Rosa,leonardo.rosa@gmail.com,187.605.492-11,(31) 9424-07656,83,08/08/1938,22/11/2015
Bianca Pereira,bianca.pereira@gmail.com,163.852.097-68,(84) 9253-81430,83,30/09/1938,07/06/2004
Bruna Alves,bruna.alves@gmail.com,739.241.685-55,(51) 9955-77548,18,13/10/2003,01/09/2020
Maria Sophia da Luz,maria.luz@gmail.com,592.714.380-60,(41) 9307-45533,92,15/01/1930,18/05/2019
Gustavo Henrique Castro,gustavo.castro@gmail.com,781.439.620-40,(11) 9755-62319,76,31/03/1945,20/01/1975
Bruna da Cruz Gomes,bruna.gomes@gmail.com,178.463.092-69,(71) 9598-23072,33,21/01/1989,09/03/2014
Kaique Fernandes,kaique.fernandes@gmail.com,104.876.359-57,(21) 9993-74317,25,29/08/1996,15/02/2012
Ana Laura da Mota,ana.mota@gmail.com,293.157.068-03,(71) 9099-51173,27,23/11/1994,11/11/2021
Maria Luiza Castro,maria.castro@gmail.com,289.730.415-41,(84) 9083-23168,68,09/07/1953,02/02/1992
Davi Luiz Porto Rodrigues,davi.rodrigues@gmail.com,809.632.417-96,(41) 9808-92670,72,15/04/1949,13/02/1967
Levi Carvalho,levi.carvalho@gmail.com,615.247.809-01,(31) 9831-61558,34,28/09/1987,21/12/2011
Camila Monteiro,camila.monteiro@gmail.com,298.534.701-79,(21) 9988-39392,32,08/12/1989,31/12/2013
Manuela Moraes,manuela.moraes@gmail.com,265.718.403-08,(61) 9611-05392,94,21/12/1927,30/09/2001
Lucas Cavalcanti,lucas.cavalcanti@gmail.com,427.568.130-44,(81) 9209-56330,51,04/04/1970,05/01/1989
Eduarda Pinto,eduarda.pinto@gmail.com,205.391.487-41,(41) 9595-38979,62,09/09/1959,13/02/2021
Diogo Almeida,diogo.almeida@gmail.com,501.862.793-02,(41) 9999-84020,66,15/12/1955,28/10/2010
Leandro Melo,leandro.melo@gmail.com,203.187.594-97,(21) 9508-00369,57,02/04/1964,15/12/2018
Rafael Lopes,rafael.lopes@gmail.com,795.142.638-55,(61) 9386-78810,60,06/03/1961,29/03/2009
Enzo Gabriel Cardoso,enzo.cardoso@gmail.com,542.978.613-64,(84) 9928-71117,25,03/09/1996,04/11/2021
Rafaela Silveira,rafaela.silveira@gmail.com,514.768.293-73,(84) 9271-27928,99,06/08/1922,05/08/1987
Maria Luiza Nascimento,maria.nascimento@gmail.com,306.281.749-69,(41) 9240-26057,59,21/05/1962,19/09/2003
Danilo Costa da Rosa,danilo.rosa@gmail.com,974.652.803-38,(31) 9237-46614,31,27/08/1990,18/03/2004
Yasmin Costela,yasmin.costela@gmail.com,982.634.751-55,(31) 9005-39486,66,02/09/1955,13/09/1970
Marina Duarte,marina.duarte@gmail.com,421.853.679-19,(51) 9597-55279,81,25/03/1940,17/04/1977
Camila Carvalho,camila.carvalho@gmail.com,194.680.573-48,(21) 9549-36300,98,20/07/1923,07/12/1991
Lavínia Rocha,lavinia.rocha@gmail.com,310.456.297-07,(21) 9445-42084,57,14/03/1964,20/01/2011
Pietro Rodrigues,pietro.rodrigues@gmail.com,215.947.036-80,(21) 9359-19641,102,13/05/1919,21/04/2009
Nathan Viana,nathan.viana@gmail.com,613.098.427-87,(84) 9932-86792,25,27/05/1996,28/07/2016
Vitor Hugo Souza,vitor.souza@gmail.com,416.920.857-94,(41) 9089-96975,39,12/09/1982,11/11/2011
Levi da Rosa,levi.rosa@gmail.com,674.329.051-34,(61) 9579-61168,53,03/06/1968,06/04/2000
Mariana Nogueira,mariana.nogueira@gmail.com,014.632.975-99,(41) 9959-15730,18,23/03/2003,06/12/2019
Breno Gomes,breno.gomes@gmail.com,568.014.327-53,(81) 9855-79579,18,27/10/2003,23/02/2015
Sophie Fernandes,sophie.Santos@gmail.com,480.615.729-58,(81) 9653-19134,48,09/01/1974,17/03/2002
Samuel Costela Sales,samuel.sales@gmail.com,217.568.493-82,(71) 9191-56212,90,31/03/1931,22/01/2013
Emanuella da Conceição,emanuella.conceicao@gmail.com,478.265.139-28,(81) 9505-05023,90,02/12/1931,21/03/1989
Davi Luiz das Neves,davi.neves@gmail.com,063.481.725-62,(51) 9377-55379,102,28/04/1919,07/08/1929
Cauã Araújo,caua.araujo@gmail.com,153.469.872-82,(41) 9829-33780,52,03/08/1969,15/02/1988
Valentina Barbosa,valentina.barbosa@gmail.com,236.901.548-98,(11) 9392-94481,39,08/04/1982,07/11/2018
Isaac Fogaça,isaac.fogaca@gmail.com,408.796.521-01,(84) 9734-17304,45,14/01/1977,30/06/1982
André Fogaça,andre.fogaca@gmail.com,293.180.647-13,(31) 9782-64603,18,04/01/2004,23/08/2006
Raquel Pinto,raquel.pinto@gmail.com,749.650.138-75,(71) 9686-58573,100,22/10/1921,10/04/1980
Lívia Lima,livia.lima@gmail.com,429.768.503-56,(41) 9271-14105,60,30/03/1961,15/09/1981
Juan Araújo,juan.araujo@gmail.com,648.275.309-47,(11) 9912-88263,55,26/10/1966,25/09/1996
Henrique Ferreira,henrique.ferreira@gmail.com,126.745.308-71,(81) 9121-60064,80,11/12/1941,26/01/2007
Otávio Ribeiro,otavio.ribeiro@gmail.com,307.591.684-66,(11) 9267-31384,84,08/12/1937,27/04/1953
Alícia Viana,alicia.viana@gmail.com,709.125.438-41,(81) 9878-61324,90,03/12/1931,04/07/2000
Beatriz Pires,beatriz.pires@gmail.com,764.013.529-06,(81) 9995-39781,50,06/05/1971,06/02/1992
Larissa Araújo,larissa.araujo@gmail.com,730.819.625-95,(11) 9927-23852,43,05/03/1978,20/05/2001
Evelyn Mendes,evelyn.mendes@gmail.com,063.158.942-24,(11) 9694-16593,70,17/04/1951,24/02/1965
Isis Costa,isis.costa@gmail.com,275.896.341-82,(51) 9587-28134,40,26/01/1982,02/05/2020
Rebeca Costa,rebeca.costa@gmail.com,847.516.209-67,(51) 9615-43316,30,14/07/1991,24/09/2010
Gabriel Oliveira,gabriel.oliveira@gmail.com,547.632.918-82,(31) 9516-06159,68,05/06/1953,02/02/2008
Luna Nunes,luna.nunes@gmail.com,769.485.103-10,(21) 9966-34683,100,27/10/1921,09/08/1957
João Lucas Nunes,joao.nunes@gmail.com,231.678.950-12,(81) 9014-39991,100,26/07/1921,21/11/1969
Sabrina da Cunha,sabrina.cunha@gmail.com,402.983.756-56,(11) 9736-98725,91,02/10/1930,12/11/1947
Mariana Novaes,mariana.novaes@gmail.com,843.260.179-96,(84) 9007-40767,37,06/06/1984,28/12/1993
Matheus Mendes,matheus.mendes@gmail.com,741.032.956-43,(84) 9124-61646,56,18/03/1965,13/08/1995
Daniela Rodrigues,Maria Fernanda.rodrigues@gmail.com,520.471.639-43,(31) 9210-44583,78,25/06/1943,19/03/2000
Bruna Santos,bruna.santos@gmail.com,780.426.531-07,(41) 9645-95819,93,25/11/1928,31/05/2021
Valentina Ferreira,valentina.ferreira@gmail.com,629.731.054-80,(84) 9347-14487,95,03/04/1926,22/04/1937
Maria Fernanda Pereira,maria.pereira@gmail.com,362.540.179-70,(41) 9292-93819,83,10/02/1939,16/05/1984
Maria Fernanda Mendes,maria.mendes@gmail.com,673.589.102-30,(84) 9796-53917,54,10/09/1967,03/11/1972
Pedro Lucas Mendes,pedro.mendes@gmail.com,529.641.837-91,(71) 9961-86793,24,28/03/1997,12/04/2004
Maria Clara Novaes,maria.novaes@gmail.com,163.958.704-75,(71) 9577-55910,65,26/07/1956,26/12/2021
Sarah Lopes,sarah.lopes@gmail.com,150.827.496-76,(21) 9007-18811,71,13/04/1950,10/02/2000
Alana Sales,alana.sales@gmail.com,450.386.297-92,(31) 9771-51856,26,08/04/1995,26/10/1999
Amanda Jesus,amanda.jesus@gmail.com,024.813.756-53,(81) 9384-57191,34,28/05/1987,05/10/2008
Helena Duarte,helena.duarte@gmail.com,498.361.207-69,(61) 9177-77343,27,02/05/1994,09/09/2000
Enzo Gabriel Ribeiro,enzo.ribeiro@gmail.com,827.531.096-21,(71) 9879-26037,59,15/05/1962,16/04/1994
Augusto Araújo,augusto.araujo@gmail.com,718.605.942-20,(61) 9490-50258,85,09/03/1936,11/12/1993
Ana Lívia Cardoso,ana.cardoso@gmail.com,951.026.384-24,(21) 9139-30022,70,16/08/1951,01/01/1986
Vitor Hugo Duarte Correia,vitor.correia@gmail.com,602.597.843-38,(21) 9734-60939,66,14/08/1955,21/02/1989
Guilherme da Rosa,guilherme.rosa@gmail.com,432.086.159-06,(41) 9141-69101,21,04/02/2001,15/03/2017
André da Costa Viana,andre.viana@gmail.com,876.035.219-12,(31) 9457-07993,53,18/02/1969,17/08/2004
Ryan Farias,ryan.farias@gmail.com,698.403.251-24,(41) 9239-33213,91,18/09/1930,16/11/2018
Mirella Cardoso,mirella.cardoso@gmail.com,723.645.109-61,(21) 9340-81757,60,22/01/1962,24/09/1977
Ana Beatriz Santos,ana.santos@gmail.com,485.619.073-39,(84) 9347-84873,71,02/12/1950,21/06/1995
Ana Luiza Campos,ana.campos@gmail.com,364.528.190-89,(71) 9134-85525,56,30/07/1965,08/11/1965
Maria Clara das Neves Nogueira,maria.nogueira@gmail.com,827.495.630-38,(71) 9466-74507,82,06/07/1939,08/06/1951
Amanda Cardoso,amanda.cardoso@gmail.com,876.309.245-00,(81) 9919-12996,60,06/01/1962,06/06/1976
Mirella Ferreira,mirella.ferreira@gmail.com,851.472.960-85,(84) 9731-25644,89,10/02/1933,09/03/1990
Cauã Rezende da Paz,caua.paz@gmail.com,214.980.367-40,(11) 9526-35354,90,26/07/1931,19/01/1959
Eduardo Cardoso,eduardo.cardoso@gmail.com,528.463.791-73,(84) 9130-00849,51,07/10/1970,08/01/2012
Alícia Cardoso Aragão,alicia.aragao@gmail.com,609.731.428-04,(61) 9758-59600,91,20/06/1930,29/12/2021
Breno Rodrigues,breno.rodrigues@gmail.com,235.948.061-89,(11) 9767-16631,79,27/11/1942,12/12/1955
Larissa Caldeira,larissa.caldeira@gmail.com,745.169.083-01,(84) 9340-40394,85,09/02/1937,15/07/1999
Laís Ramos Pinto,lais.pinto@gmail.com,169.803.472-50,(21) 9012-66326,88,31/08/1933,07/09/1976
Lavínia Cardoso,lavinia.cardoso@gmail.com,018.593.742-04,(41) 9889-12088,75,13/05/1946,25/11/1958
Nathan Lopes,nathan.lopes@gmail.com,314.829.765-28,(21) 9060-55293,57,28/07/1964,27/03/1986
Amanda Nascimento,amanda.nascimento@gmail.com,789.541.602-20,(71) 9536-94596,70,22/03/1951,22/10/2010
Larissa Pinto,larissa.pinto@gmail.com,295.034.687-10,(71) 9013-67048,72,08/10/1949,21/06/1990
Raquel Cavalcanti,raquel.cavalcanti@gmail.com,034.671.295-52,(84) 9322-48792,73,07/01/1949,03/12/1950
Mirella Porto,mirella.porto@gmail.com,184.625.379-91,(81) 9073-90251,100,11/10/1921,16/11/1943
Luiz Otávio Viana,luiz.viana@gmail.com,723.960.845-00,(21) 9423-01234,43,09/11/1978,05/07/2020
Ana Sophia Duarte Vieira,ana.vieira@gmail.com,154.637.082-07,(31) 9655-74222,43,22/07/1978,25/07/1996
Emilly Gomes,emilly.gomes@gmail.com,516.349.270-52,(11) 9070-64907,35,01/09/1986,06/12/2002
João Lucas Peixoto,joao.peixoto@gmail.com,463.058.729-29,(71) 9376-33916,97,10/07/1924,01/12/1925
Raquel Porto,raquel.porto@gmail.com,510.682.794-94,(21) 9740-37499,34,25/10/1987,29/07/2000
Maria Fernanda Araújo,maria.araujo@gmail.com,465.280.179-30,(11) 9258-07135,93,14/07/1928,31/03/2017
Heloísa Araújo,heloisa.araujo@gmail.com,238.910.657-95,(21) 9013-09613,49,17/04/1972,30/08/2014
Alice Silva,alice.silva@gmail.com,427.916.380-40,(61) 9847-23125,50,08/06/1971,30/08/2016
Maria Luiza da Luz,maria.luz@gmail.com,253.741.869-73,(81) 9995-51347,74,20/11/1947,03/07/1967
Gabrielly Ramos,gabrielly.ramos@gmail.com,462.310.759-07,(11) 9339-50721,96,11/02/1926,12/10/1940
Benício Costa,benicio.costa@gmail.com,429.716.803-04,(81) 9588-77126,21,16/08/2000,09/08/2018
Melissa da Paz,melissa.paz@gmail.com,593.086.724-00,(71) 9117-52385,89,21/09/1932,05/09/2017
Gabriela Dias,gabriela.dias@gmail.com,926.137.485-91,(84) 9542-51109,68,23/04/1953,06/04/1989
Olivia Ribeiro,olivia.ribeiro@gmail.com,039.824.675-00,(31) 9277-73281,66,05/09/1955,19/11/1998
Nina Pires,nina.pires@gmail.com,760.154.289-02,(41) 9630-33958,83,29/12/1938,12/10/1994
Maria Sophia Porto,maria.porto@gmail.com,387.025.694-00,(81) 9037-87814,95,17/01/1927,07/01/1975
Igor Moura da Rocha,igor.rocha@gmail.com,581.269.074-01,(31) 9484-69536,22,30/09/1999,24/10/2005
Ana Clara Porto,ana.porto@gmail.com,318.902.475-88,(41) 9918-17069,26,17/04/1995,30/09/2003
Alexia da Cunha,alexia.cunha@gmail.com,327.180.965-86,(71) 9461-76175,97,16/03/1924,12/09/2015
Júlia da Rocha,julia.rocha@gmail.com,047.236.951-25,(41) 9314-26404,22,07/02/2000,09/02/2005
Raquel Pereira,raquel.pereira@gmail.com,591.280.674-01,(61) 9252-06335,79,22/01/1943,08/03/1974
Júlia da Cunha,julia.cunha@gmail.com,751.496.238-73,(71) 9535-75738,83,26/12/1938,04/03/1952
Kevin Nogueira Pereira,kevin.pereira@gmail.com,062.157.398-12,(21) 9352-91721,61,31/01/1961,09/06/2020
Emanuel Moreira,emanuel.moreira@gmail.com,236.194.875-37,(11) 9810-55432,30,20/12/1991,03/02/2021
Pedro Miguel Melo,pedro.melo@gmail.com,652.491.830-42,(11) 9213-46481,33,22/01/1989,28/03/2004
Luigi Novaes Castro,luigi.castro@gmail.com,829.743.160-69,(81) 9560-13721,26,12/02/1996,07/08/1999
Pedro Henrique Silveira,pedro.silveira@gmail.com,908.472.136-50,(41) 9928-95251,51,13/11/1970,14/10/2001
João Vitor Nogueira,joao.nogueira@gmail.com,968.135.274-28,(61) 9759-60096,20,23/05/2001,26/04/2002
Bruna Vieira,bruna.vieira@gmail.com,243.607.958-74,(21) 9176-19206,57,15/02/1965,04/09/2021
Nicole Peixoto Aragão,nicole.aragao@gmail.com,451.960.732-99,(21) 9951-75095,102,10/07/1919,02/04/2001
Pietra Fernandes,pietra.fernandes@gmail.com,386.291.704-50,(71) 9283-80946,80,27/03/1941,15/09/1957
Sophie da Cruz,sophie.cruz@gmail.com,063.217.854-07,(84) 9598-95439,90,29/10/1931,24/11/1967
Kamilly Gomes,kamilly.gomes@gmail.com,473.860.219-50,(61) 9031-25774,54,20/10/1967,27/02/2004
Luiza Souza,luiza.souza@gmail.com,631.782.095-30,(61) 9137-44236,25,16/10/1996,10/04/2001
Lara Melo,lara.melo@gmail.com,647.529.310-52,(71) 9055-15062,89,25/07/1932,20/08/2012
Breno Cardoso,breno.cardoso@gmail.com,074.681.925-02,(84) 9212-63401,74,07/11/1947,17/02/1964
Calebe Sales,calebe.sales@gmail.com,597.214.803-04,(51) 9297-14262,24,15/04/1997,08/07/2021
Lucas Gabriel da Cruz,lucas.cruz@gmail.com,692.538.704-00,(11) 9364-82904,74,11/01/1948,23/08/1991
Laís da Rosa,lais.rosa@gmail.com,037.165.842-07,(71) 9970-10921,67,26/09/1954,14/07/2021
Igor Nogueira,igor.nogueira@gmail.com,864.921.703-69,(81) 9802-70507,80,29/09/1941,09/03/1959
Gabriel Moreira,gabriel.moreira@gmail.com,530.986.421-06,(31) 9409-55375,71,05/04/1950,08/11/2009
João Felipe Dias,joao.dias@gmail.com,135.640.978-48,(84) 9671-15603,43,16/05/1978,11/02/2003
Fernanda Teixeira,fernanda.teixeira@gmail.com,019.527.384-23,(51) 9350-92223,100,25/02/1921,06/03/1987
Larissa Jesus,larissa.jesus@gmail.com,081.654.927-30,(21) 9644-64915,60,19/02/1962,06/03/1987
Ana Beatriz Rocha,ana.rocha@gmail.com,374.862.059-47,(81) 9873-00268,24,15/05/1997,04/03/2011
Alice Cardoso,alice.cardoso@gmail.com,980.671.524-11,(31) 9181-54304,44,27/03/1977,07/10/2001
Stella Almeida,stella.almeida@gmail.com,042.593.817-41,(41) 9536-29496,87,17/01/1935,17/07/1973
Isaac Teixeira Barros,isaac.barros@gmail.com,104.867.925-01,(41) 9152-48088,56,24/09/1965,16/05/2007
João Felipe Nogueira,joao.nogueira@gmail.com,504.197.683-00,(84) 9543-76635,19,02/09/2002,10/05/2011
Lavínia das Neves,lavinia.neves@gmail.com,063.158.247-90,(81) 9970-30159,76,21/06/1945,19/11/2016
Diego Araújo,diego.araujo@gmail.com,816.327.590-12,(41) 9847-34466,69,20/04/1952,24/07/1958
Cecília Lima da Luz,cecilia.luz@gmail.com,758.640.219-11,(11) 9825-88358,47,26/08/1974,01/06/2001
Davi Lucas Cardoso,davi.cardoso@gmail.com,032.659.471-06,(21) 9238-76822,44,05/07/1977,02/03/2012
Augusto Duarte da Cunha,augusto.cunha@gmail.com,485.319.206-98,(31) 9854-20079,30,16/08/1991,30/10/2004
Davi Luiz Silveira,davi.silveira@gmail.com,291.347.086-69,(31) 9208-33446,38,04/08/1983,17/07/2019
Alice Alves,alice.alves@gmail.com,508.214.673-44,(21) 9193-07840,94,01/02/1928,31/12/1943
Emanuel da Rocha Santos,emanuel.santos@gmail.com,208.651.493-05,(81) 9078-40861,55,16/06/1966,01/10/1982
Nicolas Caldeira,nicolas.caldeira@gmail.com,514.827.609-67,(61) 9476-71740,27,18/04/1994,28/02/2003
Maria Luiza Cavalcanti,maria.cavalcanti@gmail.com,210.694.573-61,(11) 9357-47619,57,11/01/1965,26/02/1979
Enzo Nogueira,enzo.nogueira@gmail.com,314.598.627-91,(11) 9380-67766,68,10/04/1953,19/04/1955
Danilo Caldeira,danilo.caldeira@gmail.com,029.174.536-99,(81) 9119-31410,50,13/08/1971,12/11/2006
João Gabriel Pires,joao.pires@gmail.com,130.259.768-02,(51) 9879-01249,22,14/09/1999,19/05/2004
Luiz Gustavo Nascimento,luiz.nascimento@gmail.com,784.361.920-87,(51) 9858-06169,29,19/03/1992,17/12/2015
Laís Castro,lais.castro@gmail.com,985.063.427-83,(21) 9734-12406,83,18/07/1938,14/09/1987
João Lucas Nunes,joao.nunes@gmail.com,869.702.145-67,(21) 9403-95535,37,14/04/1984,30/07/1997
Emanuel Nascimento,emanuel.nascimento@gmail.com,371.680.524-62,(11) 9938-70147,34,18/03/1987,01/04/1988
Luiza Moreira das Neves,luiza.neves@gmail.com,408.915.263-15,(21) 9086-58542,90,13/02/1932,03/12/1999
Samuel da Mata,samuel.mata@gmail.com,129.846.305-05,(71) 9686-41391,19,03/05/2002,14/07/2017
Bianca da Paz,bianca.paz@gmail.com,374.689.150-75,(84) 9123-12214,40,16/10/1981,26/06/2018
Esther Porto Vieira,esther.vieira@gmail.com,976.024.581-76,(11) 9461-91208,82,05/09/1987,02/09/1993
João Miguel Pinto,joao.pinto@gmail.com,186.024.357-62,(84) 9383-61754,31,02/09/1990,03/08/2007
João Silva,joao.silva@gmail.com,147.260.389-31,(71) 9525-92495,49,18/08/2000,01/10/2020
Emanuel Pinto,emanuel.pinto@gmail.com,903.482.617-13,(84) 9200-30614,20,25/08/2001,28/12/2012
Isabella da Cunha,isabella.cunha@gmail.com,038.619.247-22,(84) 9028-08213,102,29/11/1919,31/05/1953
Kamilly Farias,kamilly.farias@gmail.com,098.341.725-32,(84) 9120-90871,57,02/03/1964,30/12/2014
Emanuel Cardoso,emanuel.cardoso@gmail.com,075.429.138-32,(51) 9895-65523,101,27/06/1920,24/09/1994
Emanuella Carvalho,emanuella.carvalho@gmail.com,185.296.473-19,(21) 9526-49932,102,11/11/1919,05/11/1992
Erick Moura,erick.moura@gmail.com,563.094.821-06,(61) 9679-71139,38,31/12/1983,26/12/1984
Yuri Costa da Cruz,yuri.cruz@gmail.com,876.042.159-20,(31) 9039-43873,25,07/04/1996,11/02/2013
Pedro Miguel da Rocha,pedro.rocha@gmail.com,730.158.946-84,(81) 9758-99726,25,18/06/1996,24/02/2004
Ana Luiza Fogaça,ana.fogaca@gmail.com,462.731.580-53,(84) 9894-32154,33,25/06/1988,29/01/1989
Juliana Ferreira,juliana.ferreira@gmail.com,584.397.106-66,(41) 9901-46380,23,30/05/1998,27/04/2014
Ryan da Cunha,ryan.cunha@gmail.com,186.732.049-50,(61) 9988-69084,30,02/07/1991,19/09/2009
Luigi Campos Lopes,luigi.lopes@gmail.com,256.170.439-43,(31) 9559-97555,98,26/06/1923,18/05/1996
Cauã da Costa,caua.costa@gmail.com,602.759.438-10,(51) 9505-97435,100,29/04/1921,06/04/1977
Ana Lívia Duarte,ana.duarte@gmail.com,710.689.253-02,(11) 9509-19536,94,15/05/1927,25/10/1933
Nina Moura,nina.moura@gmail.com,480.123.576-07,(11) 9015-97840,38,16/08/1983,17/01/2020
Nathan das Neves,nathan.neves@gmail.com,945.123.680-51,(81) 9269-05230,96,23/02/1926,05/12/1966
Daniel Pires,daniel.pires@gmail.com,192.537.864-00,(11) 9735-17616,93,13/12/1928,17/02/2007
Pedro Campos,pedro.campos@gmail.com,507.438.612-80,(21) 9198-66735,65,19/02/1957,17/02/1982
Melissa Vieira,melissa.vieira@gmail.com,130.962.578-68,(41) 9180-45377,85,25/07/1936,07/05/1982
João Almeida,joao.almeida@gmail.com,108.764.352-07,(21) 9698-38190,55,17/07/1966,04/05/1988
Esther Melo,esther.melo@gmail.com,526.084.379-74,(41) 9017-47234,65,17/07/1956,03/02/2009
Luiz Henrique da Luz,luiz.luz@gmail.com,924.570.831-41,(81) 9727-84508,83,29/12/1938,11/04/1974
Matheus Nogueira Costa,matheus.costa@gmail.com,690.243.785-83,(61) 9939-04397,22,01/11/1999,25/04/2001
Marcelo Azevedo,marcelo.azevedo@gmail.com,468.357.290-74,(61) 9185-55278,50,17/10/1971,16/06/1988
Igor Jesus,igor.jesus@gmail.com,157.062.489-58,(41) 9648-07031,68,12/09/1920,09/05/1976
Renan da Paz,renan.paz@gmail.com,016.823.594-33,(61) 9628-98704,19,03/04/2002,19/12/2020
Benjamin das Neves,benjamin.neves@gmail.com,284.105.796-85,(31) 9675-72624,100,11/08/1921,21/11/1934
Levi da Costa,levi.costa@gmail.com,458.106.372-80,(84) 9554-06800,101,01/12/1920,03/11/1975
Pietra da Mota,pietra.mota@gmail.com,375.829.410-04,(61) 9579-84238,98,18/05/1923,25/08/2013
Marcela Campos,marcela.campos@gmail.com,942.068.751-11,(51) 9090-42266,39,04/02/1983,07/03/2004
Maria Eduarda Aragão,maria.aragao@gmail.com,180.973.642-04,(81) 9971-79591,33,04/07/1988,08/01/2017
Pedro Henrique Viana Dias,pedro.dias@gmail.com,178.436.905-57,(71) 9429-42631,62,18/07/1959,15/10/2001
Francisco Dias,francisco.dias@gmail.com,357.294.068-00,(41) 9599-13030,87,08/03/1934,27/04/2000
Bárbara Viana,barbara.viana@gmail.com,240.375.689-00,(41) 9078-26910,99,01/10/1922,11/09/1996
Sarah Rodrigues Ferreira,sarah.ferreira@gmail.com,298.365.740-00,(71) 9965-95872,53,25/12/1968,18/05/1975
Bryan Cardoso,bryan.cardoso@gmail.com,072.498.653-74,(84) 9698-17480,101,12/09/1920,16/11/2020
Marcelo Carvalho,marcelo.carvalho@gmail.com,087.215.394-05,(61) 9319-25937,60,03/01/1962,02/04/2015
Renan Gonçalves,renan.goncalves@gmail.com,713.692.480-40,(71) 9326-23247,61,21/07/1960,06/01/2000
Calebe Melo,calebe.melo@gmail.com,419.702.853-97,(41) 9283-42862,65,14/01/1957,06/05/1981
Sofia Silveira,sofia.silveira@gmail.com,256.809.371-40,(51) 9663-08829,47,31/08/1974,19/05/1999
Matheus Santos,matheus.santos@gmail.com,860.423.917-04,(41) 9920-42019,97,13/02/1925,16/12/2011
Maria Julia Silva,maria.silva@gmail.com,395.406.782-00,(84) 9341-32128,88,20/10/1933,05/05/2003
Carlos Eduardo Fernandes,carlos.fernandes@gmail.com,715.894.230-97,(71) 9839-97333,20,04/12/2001,30/08/2003
Vitor Souza,vitor.souza@gmail.com,124.563.089-05,(61) 9703-52319,29,04/10/1992,13/06/2010
Leandro Costa,leandro.costa@gmail.com,715.239.086-02,(31) 9809-92578,73,05/05/1948,06/09/2004
Caroline Almeida,caroline.almeida@gmail.com,301.564.789-00,(51) 9325-64954,35,08/10/1986,25/09/2004
Bianca Mendes,bianca.mendes@gmail.com,306.849.172-03,(31) 9536-28659,25,24/03/1996,01/10/2010
João Miguel Porto,joao.porto@gmail.com,057.364.982-00,(41) 9250-04254,93,20/10/1928,26/08/1941
Luiz Otávio Lima,luiz.lima@gmail.com,185.746.092-85,(71) 9645-21510,22,07/12/1999,13/01/2004
Maria Cecília da Paz,maria.paz@gmail.com,739.180.425-88,(61) 9085-56608,45,01/10/1976,22/09/2002
Stella Ferreira,stella.ferreira@gmail.com,813.465.920-98,(51) 9983-33174,42,15/11/1979,28/06/1982
Diego Cardoso,diego.cardoso@gmail.com,937.681.504-10,(31) 9377-78023,33,01/10/1988,16/11/1994
Daniela Barbosa,daniela.barbosa@gmail.com,752.104.368-53,(71) 9759-02017,21,16/11/2000,18/06/2001
Pietra Porto da Paz,pietra.paz@gmail.com,438.709.251-32,(31) 9567-98920,61,30/05/1960,20/06/1985
Bernardo da Rosa,bernardo.rosa@gmail.com,426.831.970-04,(71) 9650-17082,34,17/07/1987,03/11/2015
João Aragão,joao.aragao@gmail.com,452.608.937-00,(11) 9126-83627,33,04/07/1988,07/08/1993
Luiza Carvalho,luiza.carvalho@gmail.com,149.867.352-09,(51) 9430-21980,68,12/11/1953,05/07/1998
Igor Caldeira,igor.caldeira@gmail.com,851.704.239-50,(84) 9425-27937,73,05/08/1948,28/04/2010
Isabel Monteiro,isabel.monteiro@gmail.com,812.936.504-98,(84) 9341-37216,32,08/07/1989,30/08/2004
Anthony Correia,anthony.correia@gmail.com,096.453.872-56,(31) 9816-69650,18,17/11/2003,06/01/2006
Vitor Gabriel Santos,vitor.santos@gmail.com,153.920.687-40,(61) 9369-06914,83,08/05/1938,29/07/1980
Maria Julia Alves,maria.alves@gmail.com,276.814.935-73,(84) 9041-99061,100,02/09/1921,16/11/1983
Lara Farias Fogaça,lara.fogaca@gmail.com,762.195.038-21,(81) 9605-52923,50,15/11/1971,28/12/1972
Thomas Costa,thomas.costa@gmail.com,268.479.530-47,(21) 9813-97411,23,05/03/1998,29/09/2012
Pedro Henrique Rezende,pedro.rezende@gmail.com,658.790.321-59,(81) 9719-45693,89,28/02/1932,23/03/1966
Gabrielly das Neves Araújo,gabrielly.araujo@gmail.com,685.341.092-06,(84) 9181-06987,42,07/01/1980,24/10/1997
Mariane Moraes,mariane.moraes@gmail.com,043.125.879-14,(71) 9397-26717,80,14/07/1941,08/05/1998
Sarah da Mata,sarah.mata@gmail.com,532.841.706-26,(41) 9048-14743,82,14/07/1939,31/01/1948
Bruno Castro,bruno.castro@gmail.com,492.751.803-50,(84) 9590-43659,53,14/09/1968,01/09/1969
Luiz Henrique da Conceição,luiz.conceicao@gmail.com,352.697.418-73,(51) 9824-64646,51,21/06/1970,22/03/1991
Ana Carolina Costa,ana.costa@gmail.com,408.329.615-15,(71) 9682-01793,41,16/10/1980,04/11/1980
Olivia Campos Melo,olivia.melo@gmail.com,378.619.245-64,(41) 9363-48142,50,24/10/1971,11/04/2003
Luana Correia,luana.correia@gmail.com,925.301.648-51,(41) 9434-94429,37,23/09/1984,01/02/1990
Luiz Otávio Cunha,luiz.cunha@gmail.com,715.698.403-93,(84) 9489-30962,99,07/04/1922,31/12/1930
Melissa da Mota,melissa.mota@gmail.com,236.418.750-80,(61) 9053-37028,92,08/01/1930,27/02/1943
Vitor Hugo Oliveira,vitor.oliveira@gmail.com,923.871.054-60,(31) 9557-92953,20,19/09/2001,09/03/2013
Júlia Silva,julia.silva@gmail.com,584.610.397-93,(21) 9418-67474,51,19/03/1970,08/10/1972
João Lucas Rocha,joao.rocha@gmail.com,912.765.084-76,(31) 9278-75196,95,23/01/1927,27/02/1936
Matheus Pinto,matheus.pinto@gmail.com,710.382.946-22,(51) 9793-54920,56,03/05/1965,15/03/1996
Valentina Porto,valentina.porto@gmail.com,598.610.247-94,(81) 9831-43660,74,28/11/1981,31/08/1985
Calebe Porto,calebe.porto@gmail.com,167.480.923-96,(41) 9359-46923,98,01/02/1924,13/05/1960
Otávio Melo,otavio.melo@gmail.com,108.536.792-40,(11) 9975-00588,62,20/02/1960,22/08/1978
João Miguel Dias,joao.dias@gmail.com,628.743.905-00,(21) 9537-91488,72,15/11/1949,15/10/2020
Letícia Silveira,leticia.silveira@gmail.com,170.496.382-69,(51) 9568-58148,78,25/08/1943,24/09/2013
Ana Julia Martins,ana.martins@gmail.com,723.984.051-41,(21) 9267-42129,51,01/06/1970,13/03/1994
Isadora Santos,isadora.santos@gmail.com,524.387.601-17,(41) 9915-22589,74,21/10/1947,08/04/1960
Sarah Dias,sarah.dias@gmail.com,301.649.587-20,(21) 9987-56112,92,07/05/1929,20/11/1977
Larissa Ferreira,larissa.ferreira@gmail.com,789.350.246-00,(21) 9338-02171,26,03/09/1995,18/11/2007
Levi Moraes,levi.moraes@gmail.com,901.754.368-00,(51) 9637-57577,101,31/07/1920,30/03/1978
Guilherme Nogueira,guilherme.nogueira@gmail.com,214.089.657-20,(71) 9188-97942,42,27/12/1979,23/09/2007
Murilo Freitas,murilo.freitas@gmail.com,169.430.852-98,(81) 9880-55251,76,18/04/1945,19/03/2012
Gabrielly Peixoto,gabrielly.peixoto@gmail.com,315.460.287-90,(41) 9107-25762,39,07/09/1982,01/02/2010
Yago Ferreira,yago.ferreira@gmail.com,289.107.356-86,(11) 9644-80459,24,12/12/1997,14/03/1999
Ryan Viana,ryan.viana@gmail.com,236.905.481-60,(84) 9507-96373,78,05/09/1943,08/09/2020
Ana Sophia Almeida,ana.almeida@gmail.com,487.502.369-38,(61) 9406-96618,76,03/09/1945,09/02/1995
Luiz Miguel Melo Melo,luiz.melo@gmail.com,691.407.285-01,(81) 9552-52160,28,14/03/1993,26/10/1995
Breno Freitas,breno.freitas@gmail.com,654.791.023-70,(71) 9398-41808,84,23/08/1937,18/11/1971
Samuel das Neves,samuel.neves@gmail.com,587.130.249-14,(61) 9873-09652,70,02/06/1951,25/10/1967
Ana Júlia Carvalho,ana.carvalho@gmail.com,387.901.264-40,(41) 9170-65876,43,12/02/1979,21/06/1999
Clarice Moraes Peixoto,clarice.peixoto@gmail.com,597.864.230-38,(11) 9835-03642,83,04/07/1938,11/05/1974
Diego Ramos,diego.ramos@gmail.com,917.306.584-66,(41) 9784-57774,93,01/12/1928,22/11/1996
Laís Novaes,lais.novaes@gmail.com,567.340.291-07,(21) 9127-22843,87,11/09/1934,08/11/1963
Benício Fernandes da Rocha,benicio.rocha@gmail.com,294.038.756-74,(11) 9982-80357,43,22/05/1978,29/11/2009
Ryan Fogaça Melo,ryan.melo@gmail.com,261.870.543-26,(31) 9134-44239,31,02/11/1990,14/10/2010
Rafaela Teixeira,rafaela.teixeira@gmail.com,324.801.759-79,(61) 9337-12835,58,05/08/1963,05/02/2010
João Pereira Barbosa,joao.barbosa@gmail.com,641.572.039-25,(31) 9996-77004,65,13/07/1956,25/01/2007
Antônio da Costa,antonio.costa@gmail.com,362.109.758-95,(51) 9484-58739,81,10/11/1940,09/04/1999
Kevin Lopes Moura,kevin.moura@gmail.com,602.793.518-95,(81) 9104-01303,68,17/02/1954,29/08/2018
Mariana Lima,Gabriela.lima@gmail.com,285.764.390-00,(84) 9418-71974,95,17/08/1926,07/10/2024
Alícia Nascimento,alicia.nascimento@gmail.com,648.973.052-92,(41) 9387-59380,84,01/06/1937,02/10/1966
Maria Julia Fogaça,maria.fogaca@gmail.com,170.248.963-96,(81) 9617-58894,56,28/10/1965,06/09/1988
Samuel Fernandes Duarte,samuel.duarte@gmail.com,276.594.813-55,(41) 9851-84634,95,27/01/1927,08/06/1956
Daniela Lima,daniela.lima@gmail.com,945.872.106-76,(51) 9766-56563,31,01/04/1990,23/08/2012
Bryan Costela,bryan.costela@gmail.com,672.809.345-10,(71) 9447-70990,39,24/06/1982,08/03/2016
Juliana Monteiro,juliana.monteiro@gmail.com,106.425.793-34,(84) 9621-67798,47,06/05/1974,22/04/1994
Miguel Rocha,Otávio.rocha@gmail.com,701.863.942-50,(81) 9206-39888,75,29/06/1946,27/10/1964
Vitória Cavalcanti,vitoria.cavalcanti@gmail.com,063.175.892-59,(51) 9772-77835,69,27/07/1952,21/03/1998
Helena Nogueira Ramos,helena.ramos@gmail.com,269.475.081-85,(61) 9060-60107,46,08/12/1975,07/05/1983
Sophia Cavalcanti,sophia.cavalcanti@gmail.com,946.301.857-39,(21) 9770-04753,52,26/12/1969,15/07/2007
Lívia da Paz da Cunha,Mariana.cunha@gmail.com,342.856.917-28,(41) 9944-88951,32,10/11/1989,24/08/2012
Caroline Costela,caroline.costela@gmail.com,562.810.347-08,(81) 9297-22244,47,09/11/1974,17/03/2019
Thales Araújo,thales.araujo@gmail.com,370.165.482-44,(61) 9968-70424,76,01/02/1946,28/05/1960
Isabella Souza,isabella.souza@gmail.com,714.396.582-00,(71) 9905-29020,32,29/09/1989,22/01/1993
João Lucas das Neves,joao.neves@gmail.com,730.198.265-86,(31) 9207-47047,83,20/11/1938,10/06/1941
Kaique da Luz,kaique.luz@gmail.com,843.270.615-90,(51) 9961-75119,59,11/01/1963,24/01/2008
Sophie das Neves,sophie.neves@gmail.com,340.857.162-71,(51) 9327-39439,58,24/05/1963,30/08/1970
Maria Vitória da Cruz,maria.cruz@gmail.com,506.123.849-42,(81) 9162-18412,49,26/11/1972,24/10/1995
Ana Laura Lima,ana.lima@gmail.com,351.096.872-77,(61) 9293-92601,32,01/02/1990,27/01/2002
Yago Ribeiro,yago.ribeiro@gmail.com,216.893.405-33,(61) 9716-96726,28,07/12/1993,17/08/2001
Eloah Cavalcanti,eloah.cavalcanti@gmail.com,519.036.278-77,(21) 9205-45621,63,21/05/1958,10/03/1986
Laís Farias,lais.farias@gmail.com,563.028.179-86,(84) 9715-52118,88,16/12/1933,07/04/1986
Thiago da Mata,thiago.mata@gmail.com,396.147.528-82,(84) 9977-28886,36,18/08/1985,09/06/2013
Maria Clara Cardoso,maria.cardoso@gmail.com,341.582.076-90,(11) 9175-08230,38,22/10/1983,05/12/1994
Nina da Cunha,Antônio.cunha@gmail.com,907.538.164-66,(21) 9577-36865,95,28/03/1926,10/10/1963
Mariana Martins,mariana.martins@gmail.com,538.640.712-08,(84) 9398-20434,23,15/08/1998,25/04/2012
Emanuel Almeida Pires,emanuel.pires@gmail.com,364.702.158-07,(31) 9554-01830,76,02/08/1945,04/11/2011
Natália Lima,natalia.Nascimento@gmail.com,764.138.905-84,(31) 9530-49719,23,23/01/1999,12/07/2009
Bryan Rocha,bryan.rocha@gmail.com,375.602.814-35,(31) 9810-83200,79,24/03/1942,23/04/1944
Luiz Gustavo Farias,luiz.farias@gmail.com,271.896.534-73,(51) 9386-59937,71,09/03/1950,05/07/2001
Vitor Fogaça,vitor.fogaca@gmail.com,784.019.325-05,(31) 9581-86358,53,11/02/1969,06/01/1975
Emanuel Nascimento,emanuel.nascimento@gmail.com,709.618.542-94,(51) 9121-36228,25,15/12/1996,28/03/2021
Clara Nunes,clara.nunes@gmail.com,196.347.805-39,(51) 9768-51162,25,27/02/1996,13/10/2004
Enrico Santos,enrico.santos@gmail.com,213.796.580-12,(41) 9585-40921,23,18/12/1998,06/07/2017
Caroline Pires,caroline.pires@gmail.com,950.276.381-59,(71) 9172-21475,63,17/04/1958,23/02/1976
Rodrigo Silva,rodrigo.silva@gmail.com,192.057.846-30,(51) 9381-11690,35,23/05/1986,12/09/2008
Ana Carolina Campos,ana.campos@gmail.com,621.809.543-60,(51) 9600-77047,64,10/07/1957,11/03/1972
Enzo Ramos,enzo.ramos@gmail.com,270.861.953-59,(41) 9668-94401,91,16/08/1930,21/01/1972
Alexia Pinto,alexia.pinto@gmail.com,846.527.031-71,(71) 9042-13590,93,04/11/1928,11/09/2000
Gustavo Henrique Melo,gustavo.melo@gmail.com,529.803.614-70,(11) 9053-75276,44,16/05/1977,19/04/2017
Ana Beatriz Duarte,ana.duarte@gmail.com,179.402.856-02,(21) 9218-50412,80,28/07/1941,12/05/1949
Ana Beatriz Caldeira,ana.caldeira@gmail.com,370.261.958-59,(84) 9851-21795,28,26/03/1993,22/02/1995
Vitor Gabriel Teixeira,vitor.teixeira@gmail.com,390.452.861-06,(41) 9224-31589,76,26/10/1945,10/11/2005
Raul Ramos Cunha,raul.cunha@gmail.com,014.953.826-05,(84) 9605-41136,58,05/09/1963,31/03/2014
Pedro Henrique Lopes,pedro.lopes@gmail.com,068.239.754-74,(21) 9907-14876,76,20/11/1945,14/05/1981
Bernardo Almeida Freitas,bernardo.freitas@gmail.com,907.158.432-14,(61) 9596-91627,40,25/06/1981,13/05/2003
João Felipe Araújo,joao.araujo@gmail.com,873.456.029-74,(41) 9771-66426,51,16/07/1970,12/02/1978
Arthur Souza Moreira,arthur.moreira@gmail.com,362.498.075-00,(61) 9834-17540,84,22/02/1938,14/07/1967
João Moreira,joao.moreira@gmail.com,890.173.456-75,(51) 9891-39762,45,21/05/1976,26/06/1999
Murilo da Cunha,murilo.cunha@gmail.com,753.102.649-06,(11) 9451-68314,50,10/06/1971,29/12/1985
Emanuel Moreira,emanuel.moreira@gmail.com,849.650.137-00,(61) 9649-52976,49,09/03/1972,08/07/1991
Isabel Nogueira,isabel.nogueira@gmail.com,508.427.691-02,(41) 9022-20712,38,06/03/1983,16/11/1991
Pedro Henrique Mendes,pedro.mendes@gmail.com,278.345.069-00,(61) 9390-30198,68,16/11/1953,07/01/1999
Alícia Silveira,alicia.silveira@gmail.com,803.419.576-66,(61) 9915-76318,60,08/08/1961,06/12/2010
Mariana Nogueira Novaes,mariana.novaes@gmail.com,284.609.357-10,(31) 9748-99083,20,30/04/2001,08/10/2005
André Aragão,andre.aragao@gmail.com,960.413.728-03,(84) 9700-11424,48,01/07/1973,28/06/1997
Juliana Mendes,juliana.mendes@gmail.com,941.508.236-42,(81) 9144-28511,78,09/03/1943,15/06/1960
Otávio da Mata,otavio.mata@gmail.com,908.261.374-31,(21) 9571-13456,56,16/03/1965,03/10/2030
Ana Clara Carvalho,ana.carvalho@gmail.com,906.143.582-05,(71) 9475-67937,42,09/12/1979,05/05/1994
Luiz Fernando Aragão,luiz.aragao@gmail.com,314.697.580-75,(41) 9406-96514,33,31/08/1988,03/08/1994
Letícia Rodrigues,leticia.rodrigues@gmail.com,703.648.912-03,(21) 9596-87790,19,19/03/2002,19/10/2015
João Gabriel Moreira,Joaquim.moreira@gmail.com,521.073.948-14,(51) 9094-61950,83,17/12/1938,03/07/2014
Kaique Souza da Luz,kaique.luz@gmail.com,598.017.362-59,(11) 9126-26731,45,01/05/1976,25/08/1997
Gustavo Henrique da Luz,gustavo.luz@gmail.com,328.015.649-15,(31) 9292-06907,36,14/06/1985,14/09/1996
Luiz Felipe da Paz,luiz.paz@gmail.com,529.716.843-00,(11) 9678-19805,22,01/12/1999,07/11/2003
Kamilly Rezende,kamilly.rezende@gmail.com,528.613.970-12,(71) 9753-71114,27,29/05/1994,11/10/2005
Kevin Monteiro,kevin.monteiro@gmail.com,467.123.590-07,(81) 9964-47071,63,06/01/1959,27/07/1962
Lara Silva,lara.silva@gmail.com,982.174.053-79,(71) 9592-71843,92,07/06/1929,18/04/1950
Raul Dias,raul.dias@gmail.com,123.875.640-90,(11) 9927-67608,73,30/07/1948,07/04/1978
Lucas Moura,lucas.moura@gmail.com,645.302.198-60,(51) 9076-18063,75,01/11/1946,06/05/1972
Elisa Ferreira,elisa.ferreira@gmail.com,876.012.495-49,(41) 9532-60313,63,02/08/1958,18/09/1971
Kaique da Cruz,kaique.cruz@gmail.com,478.306.591-84,(21) 9546-60417,62,25/02/1959,17/05/2019
Rafaela Pereira,rafaela.pereira@gmail.com,598.730.642-65,(84) 9115-11143,29,07/07/1992,21/01/2005
Raul da Mota,raul.mota@gmail.com,581.920.743-23,(61) 9020-20497,83,24/06/1938,03/05/2019
Bárbara Freitas,barbara.freitas@gmail.com,320.854.679-38,(41) 9836-65556,38,08/10/1983,25/08/2015
Maria Fernanda Vieira Rezende,maria.rezende@gmail.com,267.350.189-40,(84) 9045-67484,96,11/05/1925,13/03/1954
Ana Júlia Nascimento,ana.nascimento@gmail.com,374.265.918-91,(21) 9927-48450,31,01/10/1990,30/03/2029
Benício Almeida,benicio.almeida@gmail.com,168.352.740-26,(11) 9788-37138,26,22/10/1995,12/04/2011
Ana Laura Barros,ana.barros@gmail.com,489.573.026-38,(84) 9770-46253,64,25/03/1957,01/12/1995
Camila Gomes Rezende,camila.rezende@gmail.com,680.915.723-95,(71) 9357-25788,48,12/05/1973,20/07/1998
Guilherme Oliveira,guilherme.oliveira@gmail.com,314.096.587-75,(71) 9983-68326,97,25/05/1924,23/11/1957
Lucas Barbosa,lucas.barbosa@gmail.com,243.198.750-79,(71) 9174-30161,101,30/12/1920,20/07/1947
Yuri da Rosa,yuri.rosa@gmail.com,651.783.049-93,(71) 9873-02219,26,22/11/1995,04/03/2016
Maysa Pereira,maysa.pereira@gmail.com,859.147.260-85,(21) 9453-28909,90,21/10/1931,28/01/1969
Raquel Santos,raquel.santos@gmail.com,926.870.431-50,(11) 9969-89321,31,04/04/1990,26/12/1990
Maria Eduarda Almeida,maria.almeida@gmail.com,678.942.315-09,(81) 9006-40897,23,08/05/1998,05/05/2010
Marcelo Rezende,marcelo.rezende@gmail.com,948.073.651-93,(71) 9604-20589,85,02/06/1936,11/10/1982
Danilo Fernandes,danilo.fernandes@gmail.com,493.605.871-84,(31) 9540-61494,84,07/01/1938,26/08/1990
Mariana Freitas,mariana.freitas@gmail.com,502.941.387-14,(31) 9412-00494,97,17/06/1924,20/12/1984
Noah Pereira Souza,noah.souza@gmail.com,298.653.470-83,(11) 9593-48129,18,12/04/2003,27/07/2012
Lara Costa Lima,lara.lima@gmail.com,124.706.389-50,(11) 9307-12703,86,29/05/1935,04/08/1939
Gustavo Ramos,gustavo.ramos@gmail.com,961.453.278-55,(21) 9631-24551,79,15/01/1943,24/02/2005
Catarina Sales,catarina.sales@gmail.com,049.258.671-30,(21) 9104-19768,96,21/10/1925,28/09/2020
André Martins,andre.martins@gmail.com,978.402.563-92,(61) 9875-93099,28,09/06/1993,31/08/2019
Isabella Duarte,isabella.duarte@gmail.com,054.893.271-97,(11) 9535-47229,48,18/06/1973,22/02/2002
Yasmin Teixeira,yasmin.teixeira@gmail.com,391.278.054-41,(61) 9863-13717,51,29/11/1970,28/05/1991
Rafaela Dias,rafaela.dias@gmail.com,725.196.084-20,(61) 9656-97796,99,27/04/1922,11/08/1965
Ana Lívia das Neves,ana.neves@gmail.com,314.206.875-90,(71) 9780-62417,55,06/09/1966,15/09/1972
Isabella Almeida Jesus,isabella.jesus@gmail.com,675.021.384-71,(31) 9407-58876,27,25/02/1994,24/06/2009
Diego Cardoso,diego.cardoso@gmail.com,456.917.308-00,(11) 9980-13772,83,31/03/1938,26/08/1939
Larissa Aragão,larissa.aragao@gmail.com,317.402.986-40,(61) 9300-31433,71,01/02/1951,28/12/1965
Paulo Lima,paulo.lima@gmail.com,958.213.746-00,(81) 9818-75344,83,02/10/1938,19/07/1954
Maria Clara Silva,maria.silva@gmail.com,491.385.076-84,(81) 9134-70253,56,25/05/1965,08/03/2003
Brenda Campos,brenda.campos@gmail.com,067.985.342-10,(11) 9485-79251,35,03/07/1986,12/10/2006
Luigi Ferreira,luigi.ferreira@gmail.com,054.361.872-26,(71) 9731-88333,20,08/07/2001,06/05/2005
Antônio Azevedo,antonio.azevedo@gmail.com,604.975.183-84,(51) 9970-46929,38,21/08/1983,21/08/2006
Maria Clara Almeida,maria.almeida@gmail.com,074.983.265-74,(21) 9543-61667,73,27/07/1948,01/01/2002
Alexia da Cunha,alexia.cunha@gmail.com,230.916.458-51,(11) 9745-54859,68,06/11/1953,03/01/2021
Pedro Nunes Nunes,pedro.nunes@gmail.com,795.682.401-01,(11) 9251-49778,27,20/11/1994,23/03/2018
Marina Sales,marina.sales@gmail.com,398.104.625-06,(71) 9147-34158,59,05/06/1962,22/07/2003
Calebe Viana,calebe.viana@gmail.com,680.734.592-56,(51) 9406-27554,95,29/07/1926,08/11/1952
Sophia Carvalho,sophia.Ferreira@gmail.com,507.361.824-62,(51) 9019-02438,67,10/09/1954,21/05/1956
Pedro Miguel Silva,pedro.silva@gmail.com,582.013.496-60,(51) 9857-51327,70,12/11/1951,12/05/1952
Maria Luiza Rodrigues Moreira,maria.moreira@gmail.com,560.834.279-83,(81) 9537-27594,102,21/09/1919,13/09/2017
Milena Pinto,milena.pinto@gmail.com,235.640.789-83,(84) 9817-12327,54,08/12/1967,07/10/1982
Fernanda Caldeira,fernanda.caldeira@gmail.com,294.731.506-52,(51) 9472-36396,24,13/08/1997,21/02/2018
Larissa Monteiro,larissa.monteiro@gmail.com,038.162.495-15,(21) 9273-23845,102,25/02/1919,26/05/2014
Sarah das Neves,sarah.neves@gmail.com,675.094.123-07,(61) 9918-34687,60,04/07/1961,11/04/1999
Francisco Dias,francisco.dias@gmail.com,940.825.173-32,(11) 9488-13049,47,09/03/1974,31/08/2001
Pedro Miguel Farias,pedro.farias@gmail.com,203.715.894-79,(61) 9192-53228,50,09/09/1971,22/09/2004
Camila Mendes,camila.mendes@gmail.com,658.023.497-00,(71) 9234-42529,98,01/09/1923,16/04/1964
Bárbara Melo,barbara.melo@gmail.com,810.926.743-22,(84) 9546-20506,100,09/06/1921,17/07/1942
Luiza Sales,luiza.sales@gmail.com,561.320.879-40,(51) 9265-99402,54,01/06/1967,13/02/2016
Juan Teixeira,juan.teixeira@gmail.com,907.852.316-68,(84) 9970-50037,96,27/09/1925,19/01/2022
Ana Laura Barbosa Martins,ana.martins@gmail.com,675.213.840-08,(51) 9510-11342,33,24/07/1988,22/07/2006
Paulo Pereira,paulo.pereira@gmail.com,389.721.564-00,(21) 9071-36622,37,19/10/1984,27/09/2006
Noah Monteiro,noah.monteiro@gmail.com,163.275.098-86,(21) 9325-20144,57,17/04/1964,18/06/1985
Levi da Rocha,levi.rocha@gmail.com,128.937.465-19,(61) 9986-33621,84,03/01/1938,13/07/2009
Emilly Novaes,emilly.novaes@gmail.com,628.497.310-13,(51) 9923-45512,99,17/04/1922,27/08/2014
Sabrina Souza Teixeira,sabrina.teixeira@gmail.com,760.958.143-75,(51) 9527-36738,54,23/06/1967,08/08/2008
Fernanda Martins,fernanda.martins@gmail.com,389.547.012-05,(51) 9889-62512,86,08/09/1935,27/05/1939
Calebe Fogaça,calebe.fogaca@gmail.com,178.295.346-91,(51) 9565-13060,26,22/10/1995,30/12/2014
Julia da Rocha,julia.rocha@gmail.com,316.572.908-59,(21) 9718-60353,78,07/11/1943,04/06/1996
Vitor Gabriel Teixeira,vitor.teixeira@gmail.com,416.239.078-96,(61) 9723-18435,98,13/01/1924,25/06/1939
Thomas Monteiro,thomas.monteiro@gmail.com,547.109.632-07,(31) 9126-36657,34,17/12/1987,24/05/2000
Calebe Carvalho,calebe.carvalho@gmail.com,073.498.615-75,(61) 9103-24354,23,12/05/1998,19/09/2003
Maria Alice Pereira da Conceição,maria.conceicao@gmail.com,329.708.145-79,(81) 9582-20191,83,23/04/1938,12/08/1972
Vitor Gabriel Lima,vitor.lima@gmail.com,659.241.380-89,(81) 9457-12511,56,10/11/1965,15/06/1997
Sophie Campos,sophie.campos@gmail.com,502.938.716-12,(81) 9963-48297,68,09/02/1954,09/03/1968
Laura da Conceição,laura.conceicao@gmail.com,527.804.639-29,(21) 9119-32603,91,26/02/1930,02/10/1984
Diego Lima,diego.lima@gmail.com,324.508.769-10,(41) 9992-32081,56,05/06/1965,09/08/1989
Fernanda Mendes,fernanda.mendes@gmail.com,357.480.169-66,(51) 9054-32997,87,08/06/1934,26/04/2012
Ana Lívia da Luz,ana.luz@gmail.com,953.687.021-59,(41) 9237-81320,92,03/07/1929,20/05/1933
Benjamin Ramos,benjamin.Souza@gmail.com,349.205.716-07,(51) 9292-68537,39,04/05/1982,12/09/1993
Antônio da Costa,antonio.costa@gmail.com,896.207.435-47,(61) 9138-07502,82,14/12/1939,11/08/2020
Ana Vieira,ana.vieira@gmail.com,053.896.421-98,(41) 9714-09722,67,16/02/1955,07/02/2003
Alícia Rocha,alicia.rocha@gmail.com,697.853.041-75,(11) 9929-60053,27,12/04/1994,02/09/2011
Gustavo Viana,gustavo.viana@gmail.com,258.691.374-46,(61) 9066-48063,34,06/07/1987,03/01/1993
Maria Sophia Novaes,maria.novaes@gmail.com,863.512.407-35,(61) 9886-83256,87,02/09/1934,04/08/2015
Eduarda Duarte,eduarda.duarte@gmail.com,015.943.876-48,(51) 9071-30732,76,16/11/1945,28/11/1957
Lavínia Aragão,lavinia.aragao@gmail.com,415.826.907-58,(11) 9408-46874,74,20/01/1948,06/09/2013
Eduarda Moreira,eduarda.moreira@gmail.com,859.720.461-30,(71) 9923-16919,62,08/10/1959,26/07/1992
Lara da Luz,lara.luz@gmail.com,389.074.162-22,(81) 9022-83961,28,01/06/1993,01/03/2003
Pedro Miguel Gomes,pedro.gomes@gmail.com,983.415.260-42,(31) 9797-92295,44,08/07/1977,09/11/2000
Igor da Conceição,Joaquim.conceicao@gmail.com,689.734.501-66,(31) 9879-73717,23,21/12/1998,18/01/2003
Raquel Pires,raquel.pires@gmail.com,106.479.328-22,(41) 9669-10256,33,28/05/1988,08/12/2016
Nina da Rocha,nina.rocha@gmail.com,345.692.871-82,(84) 9657-35097,57,07/03/1964,07/03/2008
Bruna Peixoto,bruna.peixoto@gmail.com,502.916.734-06,(61) 9112-58326,27,26/12/1994,01/01/1995
Henrique Gomes Fernandes,henrique.fernandes@gmail.com,061.572.839-12,(31) 9829-21030,102,27/09/1919,13/12/1929
Thales Cunha,thales.cunha@gmail.com,201.598.436-42,(81) 9319-85423,84,11/07/1937,11/12/1952
Letícia Rezende,leticia.rezende@gmail.com,395.124.806-89,(21) 9293-50181,98,06/08/1923,04/02/1989
Maria Sophia Mendes,maria.mendes@gmail.com,234.198.567-09,(11) 9761-69983,74,21/09/1947,11/08/2021
Bruno Moura,bruno.moura@gmail.com,842.356.109-70,(21) 9512-29404,73,05/01/1949,16/10/1976
Ana Vitória Teixeira,ana.teixeira@gmail.com,503.476.219-61,(84) 9748-64053,35,31/01/1987,02/07/1990
Pedro Lucas Rocha,pedro.rocha@gmail.com,027.539.841-23,(84) 9539-77188,61,31/05/1960,25/11/2005
Emanuella Rocha,emanuella.rocha@gmail.com,374.958.210-60,(51) 9580-97240,20,12/08/2001,19/02/2002
Gustavo da Costa,gustavo.costa@gmail.com,384.052.617-53,(41) 9585-59734,35,11/01/1987,01/11/1997
Levi Moreira,levi.moreira@gmail.com,672.835.490-56,(41) 9445-17207,42,27/03/1979,16/12/1983
Thales da Rosa,thales.rosa@gmail.com,072.154.369-34,(84) 9891-46577,45,19/10/1976,24/03/2020
Catarina Alves,catarina.alves@gmail.com,781.430.265-07,(71) 9003-13313,51,27/08/1970,28/11/2015
Fernando Barros,fernando.barros@gmail.com,729.481.536-46,(61) 9119-50480,79,09/12/1942,07/01/1999
Maria Clara Mendes,maria.mendes@gmail.com,716.850.342-17,(21) 9056-23521,52,01/09/1969,20/02/1970
Giovanna Porto,giovanna.porto@gmail.com,513.704.926-34,(11) 9700-51726,74,11/04/1947,15/01/1971
Juliana Martins,juliana.martins@gmail.com,957.038.462-00,(21) 9944-59074,74,23/10/1947,28/04/1984
Guilherme Fogaça,guilherme.fogaca@gmail.com,325.186.907-86,(21) 9386-65324,24,19/06/1997,04/11/2015
Rafael Caldeira,rafael.caldeira@gmail.com,508.219.634-06,(41) 9541-59316,92,04/11/1929,02/01/1938
Alice Lima Nascimento,alice.nascimento@gmail.com,834.750.961-10,(84) 9566-10954,51,13/06/1970,01/12/2000
Davi Lucca Viana,davi.viana@gmail.com,713.960.825-30,(21) 9933-03475,63,16/09/1958,15/01/1975
Ana Vitória Novaes,ana.novaes@gmail.com,793.184.620-69,(31) 9679-82322,38,25/11/1983,18/04/1996
Maria da Mota,maria.mota@gmail.com,085.273.146-90,(21) 9440-96131,52,09/04/1969,06/02/1991
Ana Luiza Cardoso,ana.cardoso@gmail.com,175.284.603-62,(51) 9904-93234,88,15/04/1933,06/03/1993
Joaquim da Rosa da Mata,joaquim.mata@gmail.com,365.021.794-52,(71) 9844-53196,34,01/10/1987,11/12/1994
Giovanna Ribeiro,giovanna.ribeiro@gmail.com,096.175.248-30,(84) 9464-96422,73,17/10/1948,07/03/1954
Ana Luiza Viana,ana.viana@gmail.com,872.906.341-87,(11) 9315-26413,49,25/01/1973,06/02/2003
Otávio Monteiro,otavio.monteiro@gmail.com,526.830.497-65,(84) 9754-06249,65,05/01/1957,22/09/1972
Joana da Luz,joana.luz@gmail.com,367.518.420-07,(61) 9968-65574,50,16/04/1971,11/02/2009
Agatha Pereira,agatha.pereira@gmail.com,671.420.385-35,(41) 9429-39684,75,25/03/1946,16/09/1981
Rebeca Martins,rebeca.martins@gmail.com,894.751.630-93,(81) 9298-58951,85,05/09/1936,25/06/1986
Davi Lucca Farias,davi.farias@gmail.com,106.574.983-00,(31) 9763-45346,24,08/03/1997,13/02/2009
Laís Souza,lais.souza@gmail.com,069.428.735-00,(84) 9217-74791,101,05/04/1920,24/12/1921
Raul Nascimento,raul.nascimento@gmail.com,874.016.953-75,(71) 9920-43866,69,29/06/1952,22/01/1979
Raul Rezende,raul.rezende@gmail.com,128.479.635-37,(41) 9906-71567,21,09/02/2001,22/01/2002
Ana Carolina Barbosa,ana.barbosa@gmail.com,347.098.512-04,(81) 9665-86344,59,05/05/1962,12/06/1963
Davi Lucas Ramos Costa,davi.costa@gmail.com,814.059.632-98,(11) 9866-89380,32,28/02/1989,09/08/2004
Alana Moraes,alana.moraes@gmail.com,569.431.087-00,(31) 9262-51408,77,14/11/1944,05/02/1987
Joana Gomes,joana.gomes@gmail.com,367.849.120-04,(84) 9309-71489,28,03/06/1993,28/09/2021
Benjamin Cunha,benjamin.cunha@gmail.com,532.917.846-00,(61) 9786-94441,44,21/05/1977,08/05/2005
Davi Fernandes,davi.fernandes@gmail.com,901.843.752-23,(11) 9592-99498,20,18/09/2001,06/11/2008
Eduarda Novaes,eduarda.novaes@gmail.com,790.486.315-48,(61) 9172-95570,22,23/11/1999,24/06/2013
Paulo Lopes,paulo.lopes@gmail.com,973.186.452-00,(41) 9268-38565,31,23/02/1991,03/07/1999
Maitê Ferreira,maite.ferreira@gmail.com,620.714.935-16,(61) 9068-12497,64,08/02/1958,22/02/1986
Thomas Alves,thomas.alves@gmail.com,928.671.503-02,(11) 9775-20167,92,02/07/1929,27/08/2007
Benjamin da Costa,benjamin.costa@gmail.com,864.231.075-80,(81) 9732-45679,53,12/02/1969,25/11/1983
Davi Luiz Correia,davi.correia@gmail.com,798.104.352-23,(21) 9383-67762,30,24/06/1991,26/09/2014
Maria Clara Martins,maria.martins@gmail.com,648.071.239-04,(84) 9358-57370,88,16/05/1933,15/02/1993
Alexia Carvalho,alexia.carvalho@gmail.com,084.735.621-35,(51) 9540-80727,78,26/09/1943,04/06/1947
Agatha Teixeira,agatha.teixeira@gmail.com,345.879.120-50,(51) 9794-91540,41,13/04/1980,16/03/1988
Rodrigo Lopes,rodrigo.lopes@gmail.com,429.137.658-82,(81) 9563-55976,19,20/10/2002,06/10/2003
Milena Monteiro,milena.monteiro@gmail.com,874.169.350-75,(61) 9596-39395,23,20/10/1998,01/03/2008
Giovanna Teixeira,giovanna.teixeira@gmail.com,507.298.316-12,(84) 9343-33882,40,02/05/1981,02/04/1996
Kaique Sales,kaique.sales@gmail.com,596.401.728-20,(71) 9211-87667,25,14/06/1996,21/02/2014
Fernando Lima,fernando.lima@gmail.com,468.537.012-08,(84) 9665-61795,42,09/01/1980,09/11/2020
João Vitor da Costa,joao.costa@gmail.com,423.650.189-98,(71) 9068-14542,82,27/11/1939,04/01/2020
Luana Oliveira,luana.oliveira@gmail.com,645.103.879-20,(84) 9223-09923,47,22/09/1974,07/07/1988
Heitor Lima,heitor.lima@gmail.com,043.592.867-83,(71) 9274-56390,63,30/05/1958,08/11/1979
Danilo Fogaça,danilo.fogaca@gmail.com,604.137.825-90,(31) 9206-71408,79,25/08/1942,22/09/1984
Isadora Aragão,isadora.aragao@gmail.com,279.054.186-85,(61) 9696-08228,40,03/08/1981,11/03/2007
Thomas Barros Viana,thomas.viana@gmail.com,150.732.849-41,(11) 9691-90825,75,28/07/1946,25/08/1948
Ana Beatriz Nascimento,ana.nascimento@gmail.com,871.240.956-11,(81) 9755-30915,44,28/09/1977,26/06/1981
Gustavo Teixeira,gustavo.teixeira@gmail.com,354.208.796-38,(51) 9123-88740,65,03/09/1956,10/02/2003
Ana Julia Duarte,ana.duarte@gmail.com,965.810.432-06,(41) 9616-00013,95,29/01/1927,28/05/1935
Vinicius Mendes,vinicius.mendes@gmail.com,389.052.764-74,(31) 9740-20436,87,08/06/1934,04/11/1976
Lucca Fernandes,lucca.fernandes@gmail.com,268.374.150-26,(81) 9037-26191,64,25/09/1957,06/01/2005
Marcelo Moreira,marcelo.moreira@gmail.com,054.861.293-51,(81) 9764-05441,91,14/10/1930,09/10/1934
Yuri da Rocha,yuri.rocha@gmail.com,432.916.570-80,(51) 9780-52834,77,02/06/1944,12/07/1992
Thales Almeida,thales.almeida@gmail.com,276.495.018-76,(11) 9838-43789,76,14/04/1945,08/01/2013
Sofia Campos,sofia.campos@gmail.com,907.362.514-99,(81) 9407-00665,64,10/05/1957,02/11/2015
Ana Carolina da Luz,ana.luz@gmail.com,673.059.841-75,(41) 9001-12464,49,22/02/1973,25/11/2008
Matheus Rezende,matheus.rezende@gmail.com,175.842.693-46,(31) 9030-55405,30,27/11/1991,26/03/2010
Pedro Henrique Costela,pedro.costela@gmail.com,673.814.502-08,(81) 9776-86244,75,08/07/1946,19/10/1989
Igor da Cruz,igor.cruz@gmail.com,817.035.694-66,(41) 9219-84162,25,20/01/1997,21/03/2006
Larissa Rocha,larissa.rocha@gmail.com,958.217.436-64,(84) 9475-21718,64,05/05/1957,30/06/1965
Carlos Eduardo Alves,carlos.alves@gmail.com,081.256.734-07,(41) 9529-25849,41,27/07/1980,20/11/1990
João Miguel Moreira,joao.moreira@gmail.com,634.015.982-60,(71) 9912-05159,31,20/04/1990,18/03/2008
Enzo Gabriel Gonçalves,enzo.goncalves@gmail.com,186.540.327-07,(21) 9641-59600,50,08/01/1972,01/06/2012
Marcelo Cardoso,marcelo.cardoso@gmail.com,972.540.168-94,(31) 9123-73208,42,02/10/1979,19/01/2000
Emanuel Costa,emanuel.costa@gmail.com,245.038.179-14,(31) 9248-67644,20,11/03/2001,05/10/2017
Mariana Nogueira,mariana.nogueira@gmail.com,396.125.804-05,(84) 9312-95409,68,22/04/1953,11/03/1981
Eduardo Nascimento,eduardo.nascimento@gmail.com,158.043.796-66,(41) 9425-34211,42,28/03/1979,25/04/2002
Bruno da Rocha,bruno.rocha@gmail.com,523.648.910-51,(71) 9228-37348,63,25/03/1958,11/05/1961
Camila Cunha,camila.cunha@gmail.com,302.897.415-05,(84) 9587-86544,25,08/07/1996,18/10/2005
Erick Silva,erick.silva@gmail.com,195.486.037-48,(84) 9885-92641,24,14/03/1997,19/01/2004
Letícia Teixeira,leticia.teixeira@gmail.com,528.649.371-82,(31) 9256-24911,59,03/11/1962,03/06/1992
Olivia da Mota Ribeiro,olivia.ribeiro@gmail.com,503.267.189-40,(21) 9370-33726,61,15/09/1960,07/10/2014
Pedro Miguel Santos,pedro.santos@gmail.com,609.834.752-29,(51) 9842-81931,24,12/05/1997,09/03/2010
Sophie Silva,sophie.silva@gmail.com,124.683.095-70,(51) 9035-41064,47,11/08/1974,17/11/2008
Rafael da Luz,rafael.luz@gmail.com,046.918.523-60,(84) 9389-47335,45,21/09/1976,19/04/2005
João Pedro Nogueira,joao.nogueira@gmail.com,602.758.319-30,(31) 9330-29046,67,24/01/1955,19/08/2005
Bruno Viana,bruno.viana@gmail.com,743.152.609-16,(71) 9774-11654,39,18/11/1982,24/12/1990
Luiza Fernandes,luiza.fernandes@gmail.com,965.204.378-83,(84) 9373-87802,36,13/04/1985,19/03/1994
Davi Lucca Lima,davi.lima@gmail.com,058.694.132-06,(51) 9699-32459,88,26/01/1934,03/08/1955
Maitê Oliveira,maite.oliveira@gmail.com,961.357.028-40,(84) 9605-60240,23,02/03/1998,04/04/2016
Maria Julia da Rocha,maria.rocha@gmail.com,368.042.957-65,(21) 9240-38682,52,01/01/1970,06/11/1972
Bárbara Freitas,barbara.freitas@gmail.com,579.823.604-83,(81) 9634-53932,86,06/03/1935,05/03/1983
Thomas Barros,thomas.barros@gmail.com,506.178.329-86,(61) 9134-51298,91,30/07/1930,28/11/1964
Ryan Rocha,ryan.rocha@gmail.com,497.652.310-16,(41) 9129-58813,60,08/09/1961,21/08/1992
Bernardo Costa,bernardo.costa@gmail.com,936.418.270-78,(51) 9341-33599,27,28/12/1994,12/05/2019
Maria Julia Cardoso,maria.cardoso@gmail.com,012.634.598-89,(41) 9328-37235,64,05/02/1958,01/08/19878
Júlia Fernandes,julia.fernandes@gmail.com,857.941.036-39,(11) 9849-57775,42,21/02/1980,16/07/1983
Alexia Carvalho Novaes,alexia.novaes@gmail.com,019.752.436-25,(41) 9950-01680,43,25/06/1978,05/07/1984
Heloísa Pires,heloisa.pires@gmail.com,231.470.689-78,(11) 9557-21881,18,03/07/2003,23/09/2014
Ian Gomes da Conceição,ian.conceicao@gmail.com,089.476.135-84,(51) 9606-66575,32,24/07/1989,29/01/2021
Theo Gonçalves,theo.goncalves@gmail.com,365.082.974-65,(81) 9414-89474,32,10/08/1989,15/01/2021
Ana Julia Fernandes,ana.fernandes@gmail.com,589.417.263-28,(11) 9197-11589,94,12/03/1927,30/01/1994
Milena da Paz,milena.paz@gmail.com,704.826.135-80,(61) 9420-13946,65,06/04/1956,26/10/1996
Maria Luiza Castro,maria.castro@gmail.com,801.756.493-75,(51) 9831-12165,69,22/08/1952,24/03/1992
Emanuella Nogueira,emanuella.nogueira@gmail.com,295.687.043-29,(41) 9700-84850,51,16/07/1970,15/11/2013
Antônio Jesus Duarte,antonio.duarte@gmail.com,421.380.795-97,(71) 9239-09418,54,25/04/1967,20/11/2013
Emanuella Cardoso,emanuella.cardoso@gmail.com,963.417.285-73,(41) 9021-44681,30,15/04/1991,28/10/2030
Milena Novaes,milena.novaes@gmail.com,309.721.458-50,(21) 9548-94409,53,06/01/1969,27/08/2008
Matheus Dias,matheus.dias@gmail.com,109.326.548-51,(41) 9640-20424,92,14/08/1929,03/08/2031
Marcelo Lima,marcelo.lima@gmail.com,103.829.546-70,(21) 9796-23590,98,21/11/1923,20/10/1998
Antônio Monteiro,antonio.monteiro@gmail.com,519.307.468-57,(11) 9870-89758,84,01/08/1937,11/07/2020
Danilo Carvalho,danilo.carvalho@gmail.com,215.970.438-50,(71) 9703-07778,65,01/09/1956,04/09/2011
Sarah da Conceição,sarah.conceicao@gmail.com,386.179.425-09,(81) 9400-56754,37,14/02/1985,01/12/1985
Ryan Martins Martins,ryan.martins@gmail.com,690.187.325-59,(84) 9543-45635,25,20/05/1996,20/11/1998
João Felipe Fogaça da Cunha,joao.cunha@gmail.com,201.347.695-70,(61) 9160-26255,96,28/07/1925,26/04/1951
Clarice da Costa,clarice.costa@gmail.com,891.762.530-40,(84) 9158-92464,30,06/03/1991,21/12/1997
Miguel da Costa,miguel.costa@gmail.com,368.947.012-96,(84) 9104-99130,41,29/09/1980,13/12/2011
Kamilly Rezende,kamilly.rezende@gmail.com,136.587.942-91,(21) 9095-88892,49,04/10/1972,14/01/2019
Vitor Gabriel Correia,vitor.correia@gmail.com,635.172.049-43,(31) 9279-98405,29,28/04/1992,01/05/1992
Ian Pereira,ian.pereira@gmail.com,052.918.473-79,(71) 9147-81918,92,30/04/1929,22/01/1939
Lucas Gabriel Alves,lucas.alves@gmail.com,650.389.247-00,(21) 9900-32263,46,13/04/1975,14/07/2019
Kamilly da Rocha,kamilly.rocha@gmail.com,463.075.182-35,(21) 9703-14157,47,30/06/1974,07/07/2012
Ana Beatriz Vieira,ana.vieira@gmail.com,015.823.746-35,(11) 9715-00122,28,24/12/1993,08/04/1996
Heitor Duarte,heitor.duarte@gmail.com,726.108.354-26,(31) 9138-41030,38,27/08/1983,13/02/1992
Enzo Gabriel Fogaça,enzo.fogaca@gmail.com,507.923.861-59,(51) 9045-40793,53,16/07/1968,15/02/1973
Yago Novaes Mendes,yago.mendes@gmail.com,759.308.214-88,(61) 9827-94115,88,27/02/1933,22/01/2019
Levi Fernandes,levi.fernandes@gmail.com,305.841.267-35,(31) 9294-73069,69,02/02/1953,08/04/1954
Ana Beatriz Melo,ana.melo@gmail.com,741.052.983-05,(61) 9729-55100,27,28/02/1994,13/12/2010
Luiz Fernando Mendes,luiz.mendes@gmail.com,647.501.839-20,(31) 9844-22607,53,08/07/1968,10/05/1991
Diego Gomes Viana,diego.viana@gmail.com,246.537.918-64,(61) 9738-81642,56,11/08/1965,03/05/2018
Bryan Farias,bryan.farias@gmail.com,356.704.219-06,(81) 9839-52645,102,13/12/1919,29/07/1965
Caroline Melo,caroline.melo@gmail.com,027.564.391-34,(81) 9195-07040,64,06/12/1957,14/02/1971
Juliana Monteiro,juliana.monteiro@gmail.com,263.814.075-90,(41) 9987-79897,66,12/06/1955,18/11/2006
Felipe Jesus,felipe.jesus@gmail.com,491.806.723-96,(61) 9880-56713,27,22/06/1994,24/05/2015
Julia Azevedo,julia.azevedo@gmail.com,928.360.571-30,(61) 9534-62511,92,22/08/1929,05/10/1952
Ana Júlia Silva,ana.silva@gmail.com,497.283.601-69,(71) 9159-03643,83,01/03/1938,22/09/1970
Maria Alice Peixoto,maria.peixoto@gmail.com,369.178.420-87,(21) 9175-63352,97,13/07/1924,20/06/2005
Clarice Costa,clarice.costa@gmail.com,079.615.284-58,(31) 9154-16368,25,28/02/1996,06/06/2014
Vicente Mendes,vicente.mendes@gmail.com,620.945.318-05,(11) 9642-56493,53,25/05/1968,10/02/1976
Luana Lopes,luana.lopes@gmail.com,815.624.079-02,(51) 9329-71048,78,22/06//1943,19/09/1969
Ana Luiza Rocha,ana.rocha@gmail.com,521.736.894-28,(11) 9262-49892,64,15/07/1957,10/04/2001
Benjamin Duarte,benjamin.duarte@gmail.com,238.497.650-83,(61) 9907-93301,78,03/12/1943,20/04/2015
Juan Gomes,juan.gomes@gmail.com,718.039.625-77,(21) 9014-69361,32,21/10/1989,01/03/1995
Ana Luiza da Mota,ana.mota@gmail.com,597.012.643-80,(11) 9735-70137,67,13/07/1954,14/02/2002
Emanuelly Cavalcanti,emanuelly.cavalcanti@gmail.com,150.273.986-03,(11) 9809-85657,76,05/07/1945,20/01/2008
Caroline Peixoto Cardoso,caroline.cardoso@gmail.com,217.489.560-94,(51) 9729-96222,77,18/06/1944,27/02/2025
Diego Santos,diego.santos@gmail.com,964.732.805-29,(31) 9574-67246,51,13/09/1970,08/09/1971
Ana Júlia Gomes,ana.gomes@gmail.com,958.407.361-39,(31) 9034-27962,56,17/02/1966,24/02/1993
Laís Silva,lais.silva@gmail.com,536.427.981-28,(31) 9802-58547,40,04/10/1981,23/12/2021
Renan Nogueira,renan.nogueira@gmail.com,765.439.801-84,(71) 9241-09811,33,10/10/1988,04/04/2005
Levi Alves,levi.alves@gmail.com,639.017.825-59,(31) 9751-13847,72,25/07/1949,05/02/1968
Davi Luiz Gomes,davi.gomes@gmail.com,176.053.428-53,(41) 9487-87773,33,25/08/1988,17/04/2010
Enzo Melo,enzo.melo@gmail.com,246.958.703-47,(41) 9850-63045,45,11/01/1977,06/09/1999
Alexandre Moreira,alexandre.moreira@gmail.com,493.610.752-25,(61) 9532-65680,29,09/08/1992,07/04/2014
Joana Dias,joana.dias@gmail.com,794.386.102-78,(31) 9522-62577,44,29/08/1977,19/01/1979
Helena Barros,helena.barros@gmail.com,019.247.586-01,(71) 9101-15285,100,31/12/1921,10/11/2012
Maria Alice Lima,maria.lima@gmail.com,895.210.436-60,(41) 9193-71336,45,26/12/1976,07/10/2020
Bernardo Pinto,bernardo.pinto@gmail.com,720.946.538-38,(61) 9022-60111,93,05/01/1929,11/04/2016
Brenda da Rocha,brenda.rocha@gmail.com,658.401.723-08,(51) 9121-52551,81,28/06/1940,10/06/1986
Kaique Pires,kaique.pires@gmail.com,026.178.354-80,(21) 9015-50183,29,18/09/1992,07/10/2000
Juliana Ramos,juliana.ramos@gmail.com,948.217.530-14,(51) 9224-76564,39,02/01/1983,22/02/2004
Mirella Viana,mirella.viana@gmail.com,528.397.016-77,(51) 9671-08700,82,20/11/1939,04/10/2019
Thales Pires,thales.pires@gmail.com,618.075.943-00,(11) 9882-93664,83,04/08/1938,21/08/1946
Elisa Rocha,elisa.rocha@gmail.com,634.109.572-43,(61) 9707-07015,20,27/08/2001,15/10/2019
Enzo Gabriel Barbosa,enzo.barbosa@gmail.com,169.208.573-59,(81) 9279-53833,30,24/12/1991,01/07/2003
Levi Moura,levi.moura@gmail.com,769.281.504-67,(31) 9338-42044,50,02/12/1971,02/05/1987
Stella Silveira,stella.silveira@gmail.com,014.985.273-88,(84) 9429-21194,45,10/08/1976,30/08/1999
Maria Clara Dias,maria.dias@gmail.com,728.915.634-09,(71) 9667-63791,76,25/07/1945,05/04/2001
Bárbara da Conceição Silva,barbara.silva@gmail.com,084.327.961-31,(31) 9384-99469,74,24/10/1947,19/09/1970
Caio da Paz,caio.paz@gmail.com,876.092.341-50,(61) 9070-76349,54,04/05/1967,01/12/1972
André da Rosa,andre.rosa@gmail.com,762.034.915-43,(61) 9155-24998,64,12/03/1957,16/10/1966
Pedro Lucas da Cunha,pedro.cunha@gmail.com,037.165.294-43,(84) 9954-18112,81,28/10/1940,27/10/2010
Letícia Nascimento,leticia.nascimento@gmail.com,306.918.752-86,(31) 9210-56898,67,05/05/1954,17/07/2014
Leonardo Aragão,leonardo.aragao@gmail.com,139.547.280-79,(51) 9846-68391,25,08/03/1996,23/04/2019
João Felipe Porto,joao.porto@gmail.com,246.057.138-08,(51) 9848-55794,56,27/04/1965,30/05/1998
Alexia da Mata,alexia.mata@gmail.com,219.453.806-24,(31) 9959-98648,49,26/09/1972,29/12/2001
Renan Pinto,renan.pinto@gmail.com,170.236.954-43,(51) 9459-35884,23,12/12/1998,07/05/2000
Lucas Gabriel da Costa,lucas.costa@gmail.com,503.492.716-07,(21) 9288-10437,34,20/07/1987,07/07/2011
Heitor Pereira da Luz,heitor.luz@gmail.com,812.907.364-13,(51) 9071-62681,74,23/01/1948,25/11/2001
Agatha Lima,agatha.lima@gmail.com,132.754.068-17,(61) 9824-94514,66,28/12/1955,23/06/1972
Bárbara Silva,barbara.silva@gmail.com,587.463.092-92,(31) 9431-29698,42,17/08/1979,03/03/2020
Gabriel Ramos,gabriel.ramos@gmail.com,152.490.687-58,(11) 9834-27406,52,30/05/1969,22/08/1971
Ana Vitória da Mota,ana.mota@gmail.com,758.340.296-47,(31) 9925-27015,89,29/08/1932,22/07/1947
Maria Rocha,maria.rocha@gmail.com,830.567.942-00,(61) 9115-15475,50,13/03/1971,18/01/1984
João Guilherme Rodrigues,joao.rodrigues@gmail.com,927.014.538-79,(61) 9434-54547,70,22/06/1951,04/07/1992
Yago Silveira,yago.silveira@gmail.com,483.572.609-00,(41) 9633-02910,64,15/07/1957,19/01/1961
Luiz Felipe Moreira,luiz.moreira@gmail.com,351.068.427-35,(51) 9936-69583,20,02/11/2001,08/06/2007
Heitor Sales,heitor.sales@gmail.com,965.720.413-52,(41) 9729-98715,56,27/11/1965,02/10/1989
Laura da Costa,laura.costa@gmail.com,763.982.501-68,(21) 9202-84235,60,15/03/1961,01/03/2005
Yuri Nunes,yuri.nunes@gmail.com,492.305.187-60,(84) 9182-64586,34,19/04/1987,24/11/2002
Rebeca Monteiro,rebeca.monteiro@gmail.com,804.796.531-00,(84) 9100-83462,67,30/05/1954,22/06/1992
Danilo da Cruz,danilo.cruz@gmail.com,952.608.347-47,(71) 9516-46716,62,09/11/1959,04/06/2003
Ana Silveira,ana.silveira@gmail.com,673.850.421-71,(81) 9604-12096,26,18/10/1995,19/05/2013
Lorena Cardoso Nascimento,lorena.nascimento@gmail.com,952.173.046-34,(11) 9253-05954,36,13/06/1985,19/03/1991
Bianca Barbosa,bianca.barbosa@gmail.com,639.140.578-66,(31) 9027-72064,48,19/07/1973,24/12/1986
Carolina Vieira,carolina.vieira@gmail.com,483.056.729-56,(51) 9748-70557,29,17/09/1992,30/06/2018
Luiz Miguel da Cruz,luiz.cruz@gmail.com,321.495.086-05,(31) 9651-99404,18,27/01/2004,04/11/2015
Cauê Novaes,caue.novaes@gmail.com,269.150.743-25,(51) 9930-65915,24,14/02/1998,29/05/1999
Theo Farias,theo.farias@gmail.com,589.042.367-38,(31) 9405-88066,45,01/05/1976,16/10/2010
Amanda Nunes,amanda.nunes@gmail.com,107.438.526-80,(51) 9651-76575,27,27/05/1994,02/02/2019
Brenda Campos,brenda.campos@gmail.com,918.726.450-11,(84) 9978-05061,94,23/09/1927,14/01/1999
Pietra Cardoso,pietra.cardoso@gmail.com,241.759.863-91,(11) 9961-04681,101,18/04/1985,02/07/2005
Pedro Henrique da Mata,pedro.mata@gmail.com,391.054.728-14,(21) 9549-88900,50,17/08/1971,29/10/1991
Stephany da Mata,stephany.mata@gmail.com,390.215.867-03,(11) 9197-93893,32,19/06/1989,14/09/2010
Kamilly Barros,kamilly.barros@gmail.com,970.416.523-43,(11) 9696-03453,26,05/11/1995,13/12/2019
Fernando Cunha,fernando.cunha@gmail.com,637.250.918-03,(84) 9511-23635,59,14/02/1963,11/12/2011
Sophia da Mata,sophia.mata@gmail.com,653.127.480-80,(51) 9781-98921,80,18/09/1941,30/06/1999
Lívia Freitas,livia.freitas@gmail.com,046.851.932-70,(41) 9857-75014,30,08/06/1991,29/01/2020
Isadora Araújo,isadora.araujo@gmail.com,297.358.014-50,(61) 9744-40321,86,22/02/1936,26/05/1942
Bárbara Fernandes,barbara.fernandes@gmail.com,219.536.807-12,(41) 9965-73390,81,21/08/1940,05/08/1946
Nicolas Fernandes,nicolas.fernandes@gmail.com,283.476.950-83,(31) 9942-35720,92,22/08/1929,05/03/1957
Francisco Caldeira,francisco.caldeira@gmail.com,421.658.973-19,(84) 9023-49228,77,26/06/1944,22/09/1955
Luiz Otávio Teixeira,luiz.teixeira@gmail.com,965.028.731-03,(81) 9982-55051,45,14/10/1976,08/05/2010
Rafael Almeida,Milena.almeida@gmail.com,513.764.908-20,(71) 9091-14586,74,23/11/1947,13/08/2009
Maria Vitória Santos,maria.santos@gmail.com,743.958.621-28,(51) 9427-79416,22,24/04/1999,23/09/2017
João Gabriel Jesus,joao.jesus@gmail.com,908.623.471-22,(31) 9907-53163,40,21/10/1981,26/11/2007
Nina Gonçalves,nina.goncalves@gmail.com,860.425.317-35,(51) 9186-26595,94,07/02/1928,04/05/1944
Emanuel Nogueira,emanuel.nogueira@gmail.com,296.851.034-70,(41) 9703-48503,56,19/03/1965,14/04/2011
Laura da Rocha,laura.rocha@gmail.com,532.681.904-05,(71) 9905-85466,71,14/11/1950,12/10/1991
Letícia Lopes,leticia.lopes@gmail.com,814.537.062-08,(61) 9525-20369,86,12/03/1935,13/06/2001
João Felipe Martins Costela,joao.costela@gmail.com,734.865.102-07,(61) 9305-05005,87,27/05/1934,04/07/1985
Elisa Nunes,elisa.nunes@gmail.com,701.845.392-50,(41) 9402-21746,47,11/01/1975,10/02/1979
Nathan Ribeiro,nathan.ribeiro@gmail.com,873.620.914-78,(71) 9345-91515,18,29/11/2003,12/04/2006
Rodrigo Melo,rodrigo.melo@gmail.com,951.476.280-02,(31) 9483-70958,38,29/11/1983,23/10/1991
Ana Laura Cardoso Almeida,ana.almeida@gmail.com,791.356.824-00,(61) 9733-25945,87,08/02/1935,28/07/1972
Ana Lívia Porto,ana.porto@gmail.com,912.587.640-67,(31) 9499-84146,37,20/10/1984,04/09/2001
Vitória Pinto,vitoria.pinto@gmail.com,801.259.467-67,(21) 9435-92954,35,26/03/1986,09/09/2003
Emanuelly Cardoso,emanuelly.cardoso@gmail.com,374.806.521-35,(41) 9203-05915,76,04/06/1945,03/06/1996
Antônio Rodrigues,antonio.rodrigues@gmail.com,471.052.869-11,(51) 9105-75393,49,14/10/1972,30/05/1989
Cauê Ferreira,caue.ferreira@gmail.com,870.426.519-01,(31) 9110-22431,27,12/02/1995,16/06/2020
Yuri Cardoso,yuri.cardoso@gmail.com,891.024.635-98,(41) 9013-92689,78,17/11/1943,19/02/1981
Valentina Aragão Almeida,valentina.almeida@gmail.com,910.672.584-85,(61) 9414-54855,97,28/01/1925,04/07/2020
Maysa Porto,maysa.porto@gmail.com,026.154.897-20,(21) 9363-82474,69,28/08/1952,28/07/1973
Maria Cecília Moraes,maria.moraes@gmail.com,842.305.617-17,(11) 9567-42120,102,07/10/1919,30/09/1975
Eduardo Pires,eduardo.pires@gmail.com,480.673.591-48,(71) 9164-51335,74,30/05/1947,11/06/2017
Rafaela Martins,rafaela.martins@gmail.com,891.306.745-57,(84) 9695-71021,21,27/03/2000,30/03/2009
Heitor Lima Rodrigues,heitor.rodrigues@gmail.com,056.347.289-83,(11) 9426-23800,85,29/11/1936,08/04/1953
Alícia Almeida Martins,alicia.martins@gmail.com,162.583.749-64,(61) 9420-26850,20,16/01/2002,16/07/2005
Raul Dias,raul.dias@gmail.com,548.079.632-10,(41) 9437-27236,50,31/12/1971,16/08/1993
Raquel Teixeira,raquel.teixeira@gmail.com,812*750.639-77,(71) 9456-16826,38,02/08/1983,06/09/1987
Vitor Hugo Costa,vitor.costa@gmail.com,893.152.670-95,(51) 9445-41873,41,22/04/1980,22/10/1985
Juan Gomes Moreira,juan.moreira@gmail.com,105.982.467-11,(21) 9385-91603,31,15/12/1990,23/11/2011
Ana Laura Vieira,ana.vieira@gmail.com,574.936.821-19,(11) 9306-90593,64,14/01/1958,12/01/2001
Fernando da Rosa,fernando.rosa@gmail.com,609.547.812-01,(84) 9607-35097,42,10/03/1979,03/01/1997
Lara Alves,lara.alves@gmail.com,629.830.751-68,(41) 9402-55548,83,27/03/1938,03/12/1986
Bruna Melo Sales,bruna.sales@gmail.com,758.643.219-82,(51) 9679-62596,61,13/10/1960,14/01/1999
Sophie Aragão,sophie.aragao@gmail.com,076.318.954-57,(11) 9447-49594,92,02/06/1929,15/06/1976
Augusto Melo,augusto.melo@gmail.com,938.014.276-50,(31) 9650-59246,85,05/05/1936,08/02/1973
Valentina Nunes Rocha,valentina.rocha@gmail.com,247.618.953-73,(81) 9965-31901,51,09/08/1970,10/10/2016
Manuela Moreira,manuela.moreira@gmail.com,021.549.386-98,(61) 9234-74448,50,11/03/1971,22/02/1981
Melissa Silva,melissa.silva@gmail.com,692.534.108-33,(61) 9181-53844,47,14/09/1974,04/08/2020
João da Costa,joao.costa@gmail.com,209.853.174-50,(41) 9732-20280,53,15/12/1968,14/09/1993
Heloísa Ramos,heloisa.ramos@gmail.com,314.728.905-23,(51) 9961-10046,75,30/09/1946,30/08/1965
Maria Luiza Fogaça,maria.fogaca@gmail.com,492.750.813-79,(31) 9066-87298,37,24/03/1984,21/02/2004
Raul Castro,raul.castro@gmail.com,903.425.178-05,(21) 9094-42769,98,07/10/1923,30/03/1943
Lucas Gabriel Rodrigues,lucas.rodrigues@gmail.com,487.916.235-37,(21) 9325-37458,72,13/09/1949,27/11/1973
Ana Sophia Carvalho,ana.carvalho@gmail.com,638.291.570-02,(31) 9356-03679,101,16/10/1920,21/10/1929
Isaac Pereira,isaac.pereira@gmail.com,306.792.851-21,(84) 9465-43270,68,18/03/1953,13/02/2018
Clarice da Costa,clarice.costa@gmail.com,829.036.741-40,(51) 9426-41378,21,28/09/2000,12/03/2008
Otávio Rodrigues,otavio.rodrigues@gmail.com,145.273.968-46,(31) 9130-68316,26,28/01/1996,05/02/2004
Melissa Viana da Rocha,melissa.rocha@gmail.com,863.942.510-89,(41) 9258-80049,57,09/01/1965,29/07/2004
Arthur Nogueira,arthur.nogueira@gmail.com,084.915.236-42,(51) 9646-93710,80,20/11/1941,15/01/1971
Luiz Felipe Souza Peixoto,luiz.peixoto@gmail.com,473.650.892-29,(81) 9528-89309,30,21/10/1991,22/01/2005
Caio Fogaça,caio.fogaca@gmail.com,034.975.618-00,(31) 9702-39870,95,24/03/1926,31/05/1959
Pietra Viana Oliveira,pietra.oliveira@gmail.com,402.573.981-04,(81) 9726-10904,76,01/06/1945,12/09/2018
Gabriela Lima,gabriela.lima@gmail.com,764.182.530-35,(61) 9379-98047,99,11/05/1922,15/02/2008
André Duarte,andre.duarte@gmail.com,120.873.496-22,(81) 9036-65152,90,20/05/1931,23/05/1945
Maria Fernanda Silveira,maria.silveira@gmail.com,283.076.914-78,(31) 9397-78235,61,10/10/1960,23/06/2003
Brenda Melo,brenda.melo@gmail.com,167.423.908-40,(51) 9405-88149,48,31/12/1973,18/08/1987
Stella Monteiro,stella.monteiro@gmail.com,387.250.941-14,(84) 9776-63889,96,21/01/1926,13/02/1963
Nicole Almeida,nicole.almeida@gmail.com,629.784.315-55,(84) 9486-80246,84,09/04/1937,01/12/1976
Maitê da Cruz,maite.cruz@gmail.com,146.980.253-89,(51) 9272-78647,77,18/08/1944,17/04/1983
Marcela Nogueira,marcela.nogueira@gmail.com,987.415.032-79,(11) 9354-51011,24,15/12/1997,30/10/2009
Luiz Miguel Cardoso,luiz.cardoso@gmail.com,509.378.461-39,(11) 9534-62054,53,12/05/1968,17/03/2003
Eduardo Carvalho,eduardo.carvalho@gmail.com,418.603.279-31,(11) 9926-05237,57,16/10/1964,11/06/2017
Ana Júlia Vieira,ana.vieira@gmail.com,739.061.548-66,(81) 9831-48652,82,16/03/1939,06/12/1939
Theo Almeida,theo.almeida@gmail.com,018.349.275-79,(84) 9848-96727,53,05/11/1968,12/03/2013
Mariane da Mata da Cruz,mariane.cruz@gmail.com,581.630.947-10,(71) 9041-50974,92,28/09/1929,10/12/1936
Paulo Pires,paulo.pires@gmail.com,847.621.390-50,(11) 9782-46166,90,11/09/1931,25/05/1957
Giovanna Moraes,giovanna.moraes@gmail.com,824.915.037-60,(41) 9280-66686,48,13/10/1973,22/07/2004
Lavínia Ferreira,lavinia.ferreira@gmail.com,785.604.391-10,(41) 9071-51533,51,06/04/1970,28/02/1977
Ian Pinto,ian.pinto@gmail.com,964.013.725-16,(84) 9812-53920,21,28/09/2000,06/12/2020
Sophie Santos,sophie.santos@gmail.com,745.398.612-55,(61) 9751-70872,83,20/12/1938,10/06/1985
Thiago Novaes,thiago.novaes@gmail.com,620.984.517-76,(51) 9421-58967,95,03/11/1926,01/01/1973
Marcos Vinicius Barbosa,marcos.barbosa@gmail.com,913.260.475-07,(41) 9559-35847,58,18/04/1963,19/05/2011
Ana Lívia Souza,ana.souza@gmail.com,376.582.491-73,(41) 9345-97609,46,18/02/1976,08/06/2009
Luigi Ribeiro,luigi.ribeiro@gmail.com,972.486.315-82,(81) 9007-24660,61,08/12/1960,23/02/1987
Sarah Ribeiro,sarah.ribeiro@gmail.com,182.405.637-08,(84) 9007-27637,87,17/11/1934,15/05/1991
Bruno Carvalho,bruno.carvalho@gmail.com,053.712.496-99,(81) 9325-16282,84,01/08/1937,17/05/1976
Ana Laura Moreira,ana.moreira@gmail.com,138.265.470-71,(11) 9773-21756,21,29/11/2000,15/07/2001
João Miguel Teixeira,joao.teixeira@gmail.com,725.469.013-70,(31) 9233-64387,27,20/02/1995,22/10/1996
Diogo Viana,diogo.viana@gmail.com,735.489.602-00,(81) 9553-21334,81,29/06/1940,24/08/2015
Sofia Dias,sofia.dias@gmail.com,904.873.251-41,(84) 9040-19606,62,13/02/1960,30/07/1983
Thiago da Cruz,thiago.cruz@gmail.com,493.672.518-82,(31) 9936-46354,89,11/03/1932,06/08/1986
Eduarda Silva,eduarda.silva@gmail.com,103.462.785-62,(21) 9600-03243,73,20/04/1989,27/02/2013
Yago Silveira,yago.silveira@gmail.com,621.079.843-87,(61) 9243-54229,81,04/10/1940,18/07/1975
Bárbara Vieira,barbara.Pires@gmail.com,791.635.402-07,(84) 9035-24721,87,11/05/1934,24/12/1972
Alexandre Gonçalves,alexandre.goncalves@gmail.com,967.802.431-40,(61) 9508-59532,40,19/12/1981,04/01/2017
Samuel Duarte,samuel.duarte@gmail.com,310.274.956-99,(11) 9892-92192,63,13/01/1959,07/08/1962
Yago Jesus,yago.jesus@gmail.com,576.912.348-64,(51) 9772-89723,36,07/04/1985,24/07/2003
Otávio Nunes,otavio.nunes@gmail.com,546.183.902-98,(41) 9090-05412,94,09/06/1927,18/05/1945
Nathan Nunes,nathan.nunes@gmail.com,106.324.589-33,(31) 9065-92874,90,05/09/1931,03/10/1961
Nathan das Neves,nathan.neves@gmail.com,096.124.738-03,(11) 9046-05141,76,26/04/1945,27/09/1986
Lara Gonçalves,lara.goncalves@gmail.com,185.792.460-67,(31) 9336-77985,89,31/08/1932,28/01/1954
Thiago Nogueira,thiago.nogueira@gmail.com,576.190.348-209,(41) 9919-39653,46,12/04/1975,22/12/2013
Maria Julia da Conceição,maria.conceicao@gmail.com,078.425.913-50,(61) 9237-67112,99,16/10/1922,11/05/2000
Raquel Cardoso,raquel.cardoso@gmail.com,891.265.437-37,(81) 9298-07670,21,02/09/2000,01/09/2006
Amanda Cardoso da Conceição,amanda.conceicao@gmail.com,153.067.482-44,(71) 9015-28218,90,18/08/1931,02/12/1932
Kevin Nogueira,kevin.nogueira@gmail.com,470.593.816-00,(51) 9198-00045,64,17/06/1957,13/11/1999
Melissa Lopes,melissa.lopes@gmail.com,152.308.796-02,(61) 9086-56704,91,07/03/1930,18/09/1930
Maria Luiza Souza Caldeira,maria.caldeira@gmail.com,132.547.069-43,(41) 9071-62143,26,29/11/1995,04/12/1998
Otávio Monteiro,otavio.monteiro@gmail.com,804.275.196-67,(81) 9328-19471,22,28/08/1999,31/12/2000
Eduarda Moraes,eduarda.moraes@gmail.com,631.924.708-87,(21) 9155-60889,61,02/05/1960,24/01/1999
Vinicius Ramos,vinicius.ramos@gmail.com,479.250.316-70,(51) 9072-39888,49,04/10/1972,30/06/2000
Ian das Neves,ian.neves@gmail.com,685.370.421-53,(71) 9564-04142,75,12/04/1946,20/11/1946
Caroline Pires Nogueira,caroline.nogueira@gmail.com,153.486.027-44,(11) 9882-54813,52,29/11/1969,16/01/1996
Bruna da Rosa,bruna.rosa@gmail.com,138.792.064-22,(81) 9263-62231,54,10/07/1967,11/02/2013
Fernanda Costela,fernanda.costela@gmail.com,409.523.618-33,(51) 9269-19274,97,19/11/1924,19/08/2016
Mariane da Costa Rodrigues,mariane.rodrigues@gmail.com,263.194.857-28,(84) 9486-47089,99,01/11/1922,01/08/1958
Ana Clara Teixeira,ana.teixeira@gmail.com,930.482.615-24,(31) 9009-86574,69,15/12/1952,22/08/1993
João Miguel Martins,joao.martins@gmail.com,628.905.314-06,(21) 9255-63595,80,06/04/1941,18/04/1996
Cauã Monteiro,caua.monteiro@gmail.com,029.738.164-40,(41) 9061-85886,93,21/04/1928,17/11/2009
Marcelo Cunha,marcelo.cunha@gmail.com,327.960.841-40,(84) 9792-84489,69,24/04/1952,27/12/1995
Elisa Nogueira,elisa.nogueira@gmail.com,495.270.638-92,(41) 9393-72670,93,28/10/1928,28/01/1974
Juliana Moraes,juliana.moraes@gmail.com,416.720.839-31,(84) 9142-79763,90,11/01/1932,14/09/1938
Rodrigo da Rocha da Rosa,rodrigo.rosa@gmail.com,806.512.794-02,(11) 9102-92599,38,14/06/1983,10/07/2019
Enrico Cardoso,enrico.cardoso@gmail.com,140.523.976-06,(61) 9797-86755,50,26/10/1971,03/09/1995
Alana Fogaça,alana.fogaca@gmail.com,861.479.230-13,(31) 9783-68698,88,01/02/1934,20/06/1951
Yuri Vieira,yuri.vieira@gmail.com,580.917.432-97,(81) 9526-51631,78,04/09/1943,25/10/1996
Isabelly da Cruz,isabelly.cruz@gmail.com,294.578.610-94,(71) 9876-93938,43,25/02/1978,02/10/1986
Alice da Luz,alice.luz@gmail.com,298.601.357-03,(11) 9279-60664,25,06/07/1996,06/03/2017
Nathan da Luz,nathan.luz@gmail.com,807.541.293-14,(81) 9955-97901,43,20/05/1978,27/07/2010
Letícia da Mata,leticia.mata@gmail.com,406.291.375-52,(21) 9202-24030,87,03/11/1934,29/03/2025
Vitor Gabriel Gomes,vitor.gomes@gmail.com,387.162.495-00,(21) 9368-02311,88,28/09/1933,06/07/1985
Ana Julia Pereira,ana.pereira@gmail.com,743.925.618-28,(71) 9933-90345,21,01/10/2000,01/11/2010
Enrico Pinto,enrico.pinto@gmail.com,801.936.724-13,(41) 9023-30998,96,12/09/1925,25/06/2009
Mariana Nascimento,mariana.nascimento@gmail.com,153.807.946-10,(41) 9027-09311,82,24/09/1939,08/05/1956
Ana Luiza da Paz,ana.paz@gmail.com,642.905.873-56,(41) 9697-17020,34,13/10/1987,06/04/2000
Sophie Ferreira,sophie.ferreira@gmail.com,076.153.498-93,(11) 9212-98310,29,02/09/1992,17/04/2011
Maria Barros,maria.barros@gmail.com,432.619.805-24,(84) 9928-44345,69,12/11/1952,14/04/1973
Marcos Vinicius da Costa,marcos.costa@gmail.com,567.938.104-48,(71) 9564-32810,91,11/07/1930,15/04/1986
Mariana Dias,mariana.dias@gmail.com,842.631.970-03,(84) 9024-30901,39,01/03/1982,11/08/2011
Pedro Lucas Jesus,pedro.jesus@gmail.com,972.038.561-86,(31) 9186-21238,82,09/10/1939,29/03/2003
Heloísa Monteiro,heloisa.monteiro@gmail.com,672.830.541-62,(61) 9542-15434,75,30/03/1946,29/07/1987
Pietra Alves,pietra.alves@gmail.com,269.308.541-15,(51) 9662-57326,98,02/11/1923,15/02/2000
Yago Barbosa,yago.barbosa@gmail.com,145.376.982-09,(41) 9355-11498,96,19/04/1925,20/09/2021
Luana Campos,luana.campos@gmail.com,508.947.163-01,(61) 9404-18264,71,26/10/1950,26/11/1999
Camila Pereira,camila.pereira@gmail.com,736.125.489-64,(31) 9413-03984,86,29/05/1935,17/01/1973
Sabrina Barbosa,sabrina.barbosa@gmail.com,213.860.794-13,(11) 9069-21022,91,14/06/1930,04/12/1975
Ana Lívia Costela,ana.costela@gmail.com,306.958.417-93,(51) 9821-48100,88,25/02/1933,10/10/1954
Igor Pires,igor.pires@gmail.com,801.632.495-98,(81) 9871-78090,97,25/11/1924,02/02/1984
Bernardo Santos Almeida,bernardo.almeida@gmail.com,013.269.784-03,(71) 9802-94812,77,16/10/1942,17/08/1951
Eloah da Mota,eloah.mota@gmail.com,976.580.314-10,(84) 9169-96155,98,19/08/1923,26/11/1985
Kamilly da Cruz,kamilly.cruz@gmail.com,928.674.031-03,(84) 9817-42165,85,21/07/1936,10/01/1962
Nathan da Mata,nathan.mata@gmail.com,512.934.807-97,(61) 9676-43087,66,18/01/1956,12/09/2009
Ana Lívia Vieira,ana.vieira@gmail.com,826.935.410-42,(21) 9970-04711,35,24/01/1987,03/12/2001
Raquel Farias,raquel.farias@gmail.com,590.187.643-10,(31) 9262-31734,44,22/03/1977,05/12/1987
Sabrina Ramos,sabrina.ramos@gmail.com,124.508.637-53,(71) 9810-88951,44,13/09/1977,06/06/2010
Sophia Silva,sophia.silva@gmail.com,681.507.349-10,(51) 9301-99759,75,19/04/1946,11/11/1983
Ana Julia Correia,ana.correia@gmail.com,735.489.201-79,(41) 9583-60404,35,03/04/1986,10/03/2001
Luana Alves,luana.alves@gmail.com,469.805.123-15,(51) 9049-12301,44,12/02/1978,08/09/1995
Elisa Caldeira,elisa.caldeira@gmail.com,620.438.517-80,(51) 9204-43720,59,08/12/1982,18/03/2015
Sarah Freitas,sarah.freitas@gmail.com,198.703.624-78,(61) 9022-61647,42,25/12/1979,09/06/1992
Gabrielly Araújo,gabrielly.araujo@gmail.com,920.683.415-06,(61) 9615-69877,56,09/04/1965,28/07/1989
Davi Lucas Cavalcanti,davi.cavalcanti@gmail.com,367.149.528-64,(81) 9745-28174,22,21/12/1999,17/11/2020
Davi Lucca Martins,davi.martins@gmail.com,548.016.723-53,(71) 9793-60163,83,31/03/1938,19/12/2003
Pietra Carvalho,pietra.carvalho@gmail.com,631.259.807-12,(11) 9163-78836,101,23/11/1920,27/07/1939
